state_code,municipality_code,state_name,municipality_name
1,9,AGUASCALIENTES,TEPEZALA
1,3,AGUASCALIENTES,CALVILLO
1,7,AGUASCALIENTES,RINCON DE ROMOS
1,1,AGUASCALIENTES,AGUASCALIENTES
1,2,AGUASCALIENTES,ASIENTOS
1,10,AGUASCALIENTES,EL LLANO
1,5,AGUASCALIENTES,JESUS MARIA
1,8,AGUASCALIENTES,SAN JOSE DE GRACIA
1,6,AGUASCALIENTES,PABELLON DE ARTEAGA
1,11,AGUASCALIENTES,SAN FRANCISCO DE LOS ROMO
1,4,AGUASCALIENTES,COSIO
2,5,BAJA CALIFORNIA,PLAYAS DE ROSARITO
2,1,BAJA CALIFORNIA,ENSENADA
2,7,BAJA CALIFORNIA,SAN FELIPE                                                                  
2,6,BAJA CALIFORNIA,SAN QUINTIN
2,4,BAJA CALIFORNIA,TIJUANA
2,3,BAJA CALIFORNIA,TECATE
2,2,BAJA CALIFORNIA,MEXICALI
3,1,BAJA CALIFORNIA SUR,COMONDU
3,3,BAJA CALIFORNIA SUR,LA PAZ
3,8,BAJA CALIFORNIA SUR,LOS CABOS
3,9,BAJA CALIFORNIA SUR,LORETO
3,2,BAJA CALIFORNIA SUR,MULEGE
4,5,CAMPECHE,HECELCHAKAN
4,7,CAMPECHE,PALIZADA
4,9,CAMPECHE,ESCARCEGA
4,10,CAMPECHE,CALAKMUL
4,4,CAMPECHE,CHAMPOTON
4,13,CAMPECHE,DZITBALCHE                                                                  
4,12,CAMPECHE,SEYBAPLAYA
4,1,CAMPECHE,CALKINI
4,6,CAMPECHE,HOPELCHEN
4,2,CAMPECHE,CAMPECHE
4,11,CAMPECHE,CANDELARIA
4,3,CAMPECHE,CARMEN
4,8,CAMPECHE,TENABO
7,71,CHIAPAS,VILLA COMALTITLAN
7,74,CHIAPAS,REFORMA
7,97,CHIAPAS,TONALA
7,114,CHIAPAS,BENEMERITO DE LAS AMERICAS
7,1,CHIAPAS,ACACOYAGUA
7,21,CHIAPAS,COPAINALA
7,59,CHIAPAS,OCOSINGO
7,25,CHIAPAS,CHAPULTENANGO
7,7,CHIAPAS,AMATENANGO DEL VALLE
7,84,CHIAPAS,SOLOSUCHIAPA
7,6,CHIAPAS,AMATENANGO DE LA FRONTERA
7,13,CHIAPAS,BOCHIL
7,70,CHIAPAS,EL PORVENIR
7,115,CHIAPAS,MARAVILLA TENEJAPA
7,8,CHIAPAS,ANGEL ALBINO CORZO
7,38,CHIAPAS,HUIXTAN
7,5,CHIAPAS,AMATAN
7,49,CHIAPAS,LARRAINZAR
7,87,CHIAPAS,SUCHIATE
7,40,CHIAPAS,HUIXTLA
7,51,CHIAPAS,MAPASTEPEC
7,102,CHIAPAS,TUXTLA CHICO
7,90,CHIAPAS,TAPALAPA
7,98,CHIAPAS,TOTOLAPA
7,16,CHIAPAS,CATAZAJA
7,37,CHIAPAS,HUEHUETAN
7,103,CHIAPAS,TUZANTAN
7,3,CHIAPAS,ACAPETAHUA
7,27,CHIAPAS,CHIAPA DE CORZO
7,69,CHIAPAS,PIJIJIAPAN
7,72,CHIAPAS,PUEBLO NUEVO SOLISTAHUACAN
7,80,CHIAPAS,SILTEPEC
7,104,CHIAPAS,TZIMOL
7,19,CHIAPAS,COMITAN DE DOMINGUEZ
7,43,CHIAPAS,IXTACOMITAN
7,60,CHIAPAS,OCOTEPEC
7,34,CHIAPAS,FRONTERA COMALAPA
7,91,CHIAPAS,TAPILULA
7,94,CHIAPAS,TEOPISCA
7,12,CHIAPAS,BERRIOZABAL
7,20,CHIAPAS,LA CONCORDIA
7,31,CHIAPAS,CHILON
7,68,CHIAPAS,PICHUCALCO
7,18,CHIAPAS,COAPILLA
7,58,CHIAPAS,NICOLAS RUIZ
7,105,CHIAPAS,UNION JUAREZ
7,17,CHIAPAS,CINTALAPA
7,65,CHIAPAS,PALENQUE
7,111,CHIAPAS,ZINACANTAN
7,63,CHIAPAS,OSUMACINTA
7,23,CHIAPAS,CHAMULA
7,30,CHIAPAS,CHICOMUSELO
7,44,CHIAPAS,IXTAPA
7,2,CHIAPAS,ACALA
7,86,CHIAPAS,SUCHIAPA
7,107,CHIAPAS,VILLA CORZO
7,122,CHIAPAS,EL PARRAL
7,73,CHIAPAS,RAYON
7,75,CHIAPAS,LAS ROSAS
7,101,CHIAPAS,TUXTLA GUTIERREZ
7,29,CHIAPAS,CHICOASEN
7,92,CHIAPAS,TECPATAN
7,106,CHIAPAS,VENUSTIANO CARRANZA
7,41,CHIAPAS,LA INDEPENDENCIA
7,47,CHIAPAS,JITOTOL
7,93,CHIAPAS,TENEJAPA
7,52,CHIAPAS,LAS MARGARITAS
7,54,CHIAPAS,MAZATAN
7,99,CHIAPAS,LA TRINITARIA
7,109,CHIAPAS,YAJALON
7,4,CHIAPAS,ALTAMIRANO
7,9,CHIAPAS,ARRIAGA
7,64,CHIAPAS,OXCHUC
7,82,CHIAPAS,SITALA
7,85,CHIAPAS,SOYALO
7,28,CHIAPAS,CHIAPILLA
7,15,CHIAPAS,CACAHOATAN
7,48,CHIAPAS,JUAREZ
7,76,CHIAPAS,SABANILLA
7,96,CHIAPAS,TILA
7,112,CHIAPAS,SAN JUAN CANCUC
7,36,CHIAPAS,LA GRANDEZA
7,42,CHIAPAS,IXHUATAN
7,32,CHIAPAS,ESCUINTLA
7,62,CHIAPAS,OSTUACAN
7,83,CHIAPAS,SOCOLTENANGO
7,50,CHIAPAS,LA LIBERTAD
7,39,CHIAPAS,HUITIUPAN
7,78,CHIAPAS,SAN CRISTOBAL DE LAS CASAS
7,81,CHIAPAS,SIMOJOVEL
7,88,CHIAPAS,SUNUAPA
7,89,CHIAPAS,TAPACHULA
7,61,CHIAPAS,OCOZOCOAUTLA DE ESPINOSA
7,35,CHIAPAS,FRONTERA HIDALGO
7,11,CHIAPAS,BELLA VISTA
7,46,CHIAPAS,JIQUIPILAS
7,110,CHIAPAS,SAN LUCAS
7,57,CHIAPAS,MOTOZINTLA
7,124,CHIAPAS,MEZCALAPA
7,108,CHIAPAS,VILLAFLORES
7,26,CHIAPAS,CHENALHO
7,79,CHIAPAS,SAN FERNANDO
7,100,CHIAPAS,TUMBALA
7,123,CHIAPAS,EMILIANO ZAPATA
7,77,CHIAPAS,SALTO DE AGUA
7,45,CHIAPAS,IXTAPANGAJOYA
8,13,CHIHUAHUA,CASAS GRANDES
8,17,CHIHUAHUA,CUAUHTEMOC
8,25,CHIHUAHUA,GOMEZ FARIAS
8,19,CHIHUAHUA,CHIHUAHUA
8,10,CHIHUAHUA,BUENAVENTURA
8,30,CHIHUAHUA,GUAZAPARES
8,38,CHIHUAHUA,JULIMES
8,12,CHIHUAHUA,CARICHI
8,55,CHIHUAHUA,ROSALES
8,45,CHIHUAHUA,MEOQUI
8,11,CHIHUAHUA,CAMARGO
8,21,CHIHUAHUA,DELICIAS
8,6,CHIHUAHUA,BACHINIVA
8,39,CHIHUAHUA,LOPEZ
8,48,CHIHUAHUA,NAMIQUIPA
8,62,CHIHUAHUA,SAUCILLO
8,28,CHIHUAHUA,GUADALUPE
8,65,CHIHUAHUA,URIQUE
8,60,CHIHUAHUA,SANTA BARBARA
8,24,CHIHUAHUA,SANTA ISABEL
8,29,CHIHUAHUA,GUADALUPE Y CALVO
8,50,CHIHUAHUA,NUEVO CASAS GRANDES
8,64,CHIHUAHUA,EL TULE
8,36,CHIHUAHUA,JIMENEZ
8,37,CHIHUAHUA,JUAREZ
8,31,CHIHUAHUA,GUERRERO
8,35,CHIHUAHUA,JANOS
8,51,CHIHUAHUA,OCAMPO
8,32,CHIHUAHUA,HIDALGO DEL PARRAL
8,59,CHIHUAHUA,SAN FRANCISCO DEL ORO
8,2,CHIHUAHUA,ALDAMA
8,7,CHIHUAHUA,BALLEZA
8,40,CHIHUAHUA,MADERA
8,52,CHIHUAHUA,OJINAGA
8,27,CHIHUAHUA,GUACHOCHI
8,34,CHIHUAHUA,IGNACIO ZARAGOZA
8,49,CHIHUAHUA,NONOAVA
8,20,CHIHUAHUA,CHINIPAS
8,1,CHIHUAHUA,AHUMADA
8,57,CHIHUAHUA,SAN FRANCISCO DE BORJA
8,43,CHIHUAHUA,MATACHI
8,53,CHIHUAHUA,PRAXEDIS G. GUERRERO
8,3,CHIHUAHUA,ALLENDE
8,5,CHIHUAHUA,ASCENSION
8,9,CHIHUAHUA,BOCOYNA
8,63,CHIHUAHUA,TEMOSACHIC
8,44,CHIHUAHUA,MATAMOROS
9,3,CIUDAD DE MEXICO,COYOACAN
9,10,CIUDAD DE MEXICO,ALVARO OBREGON
9,14,CIUDAD DE MEXICO,BENITO JUAREZ
9,2,CIUDAD DE MEXICO,AZCAPOTZALCO
9,16,CIUDAD DE MEXICO,MIGUEL HIDALGO
9,17,CIUDAD DE MEXICO,VENUSTIANO CARRANZA
9,6,CIUDAD DE MEXICO,IZTACALCO
9,15,CIUDAD DE MEXICO,CUAUHTEMOC
9,7,CIUDAD DE MEXICO,IZTAPALAPA
9,4,CIUDAD DE MEXICO,CUAJIMALPA DE MORELOS
9,11,CIUDAD DE MEXICO,TLAHUAC
9,8,CIUDAD DE MEXICO,LA MAGDALENA CONTRERAS
9,5,CIUDAD DE MEXICO,GUSTAVO A. MADERO
9,9,CIUDAD DE MEXICO,MILPA ALTA
9,13,CIUDAD DE MEXICO,XOCHIMILCO
9,12,CIUDAD DE MEXICO,TLALPAN
5,3,COAHUILA DE ZARAGOZA,ALLENDE
5,33,COAHUILA DE ZARAGOZA,SAN PEDRO
5,9,COAHUILA DE ZARAGOZA,FRANCISCO I. MADERO
5,23,COAHUILA DE ZARAGOZA,OCAMPO
5,20,COAHUILA DE ZARAGOZA,MUZQUIZ
5,17,COAHUILA DE ZARAGOZA,MATAMOROS
5,30,COAHUILA DE ZARAGOZA,SALTILLO
5,37,COAHUILA DE ZARAGOZA,VILLA UNION
5,14,COAHUILA DE ZARAGOZA,JIMENEZ
5,32,COAHUILA DE ZARAGOZA,SAN JUAN DE SABINAS
5,28,COAHUILA DE ZARAGOZA,SABINAS
5,15,COAHUILA DE ZARAGOZA,JUAREZ
5,22,COAHUILA DE ZARAGOZA,NAVA
5,26,COAHUILA DE ZARAGOZA,PROGRESO
5,6,COAHUILA DE ZARAGOZA,CASTANOS
5,18,COAHUILA DE ZARAGOZA,MONCLOVA
5,7,COAHUILA DE ZARAGOZA,CUATRO CIENEGAS
5,10,COAHUILA DE ZARAGOZA,FRONTERA
5,35,COAHUILA DE ZARAGOZA,TORREON
5,38,COAHUILA DE ZARAGOZA,ZARAGOZA
5,2,COAHUILA DE ZARAGOZA,ACUNA
5,31,COAHUILA DE ZARAGOZA,SAN BUENAVENTURA
5,24,COAHUILA DE ZARAGOZA,PARRAS
5,25,COAHUILA DE ZARAGOZA,PIEDRAS NEGRAS
5,36,COAHUILA DE ZARAGOZA,VIESCA
5,4,COAHUILA DE ZARAGOZA,ARTEAGA
5,11,COAHUILA DE ZARAGOZA,GENERAL CEPEDA
5,27,COAHUILA DE ZARAGOZA,RAMOS ARIZPE
5,19,COAHUILA DE ZARAGOZA,MORELOS
6,9,COLIMA,TECOMAN
6,6,COLIMA,IXTLAHUACAN
6,7,COLIMA,MANZANILLO
6,8,COLIMA,MINATITLAN
6,3,COLIMA,COMALA
6,2,COLIMA,COLIMA
6,5,COLIMA,CUAUHTEMOC
6,10,COLIMA,VILLA DE ALVAREZ
6,1,COLIMA,ARMERIA
6,4,COLIMA,COQUIMATLAN
10,7,DURANGO,GOMEZ PALACIO
10,31,DURANGO,SANTA CLARA
10,14,DURANGO,MEZQUITAL
10,21,DURANGO,PENON BLANCO
10,39,DURANGO,NUEVO IDEAL
10,5,DURANGO,DURANGO
10,36,DURANGO,TLAHUALILO
10,9,DURANGO,GUANACEVI
10,26,DURANGO,SAN DIMAS
10,4,DURANGO,CUENCAME
10,35,DURANGO,TEPEHUANES
10,16,DURANGO,NOMBRE DE DIOS
10,18,DURANGO,EL ORO
10,28,DURANGO,SAN JUAN DEL RIO
10,6,DURANGO,GENERAL SIMON BOLIVAR
10,24,DURANGO,RODEO
10,38,DURANGO,VICENTE GUERRERO
10,8,DURANGO,GUADALUPE VICTORIA
10,2,DURANGO,CANELAS
10,1,DURANGO,CANATLAN
10,17,DURANGO,OCAMPO
10,33,DURANGO,SUCHIL
10,23,DURANGO,PUEBLO NUEVO
10,27,DURANGO,SAN JUAN DE GUADALUPE
10,13,DURANGO,MAPIMI
10,22,DURANGO,POANAS
10,34,DURANGO,TAMAZULA
10,32,DURANGO,SANTIAGO PAPASQUIARO
10,12,DURANGO,LERDO
10,15,DURANGO,NAZAS
10,20,DURANGO,PANUCO DE CORONADO
10,29,DURANGO,SAN LUIS DEL CORDERO
11,10,GUANAJUATO,CORONEO
11,39,GUANAJUATO,TARIMORO
11,20,GUANAJUATO,LEON
11,25,GUANAJUATO,PURISIMA DEL RINCON
11,38,GUANAJUATO,TARANDACUAO
11,40,GUANAJUATO,TIERRA BLANCA
11,26,GUANAJUATO,ROMITA
11,41,GUANAJUATO,URIANGATO
11,8,GUANAJUATO,MANUEL DOBLADO
11,7,GUANAJUATO,CELAYA
11,11,GUANAJUATO,CORTAZAR
11,12,GUANAJUATO,CUERAMARO
11,21,GUANAJUATO,MOROLEON
11,32,GUANAJUATO,SAN JOSE ITURBIDE
11,42,GUANAJUATO,VALLE DE SANTIAGO
11,4,GUANAJUATO,APASEO EL ALTO
11,31,GUANAJUATO,SAN FRANCISCO DEL RINCON
11,9,GUANAJUATO,COMONFORT
11,34,GUANAJUATO,SANTA CATARINA
11,15,GUANAJUATO,GUANAJUATO
11,35,GUANAJUATO,SANTA CRUZ DE JUVENTINO ROSAS
11,1,GUANAJUATO,ABASOLO
11,16,GUANAJUATO,HUANIMARO
11,45,GUANAJUATO,XICHU
11,19,GUANAJUATO,JERECUARO
11,44,GUANAJUATO,VILLAGRAN
11,14,GUANAJUATO,DOLORES HIDALGO CUNA DE LA INDEPENDENCIA NACIONAL
11,30,GUANAJUATO,SAN FELIPE
11,37,GUANAJUATO,SILAO DE LA VICTORIA
11,3,GUANAJUATO,SAN MIGUEL DE ALLENDE
11,5,GUANAJUATO,APASEO EL GRANDE
11,23,GUANAJUATO,PENJAMO
11,46,GUANAJUATO,YURIRIA
11,18,GUANAJUATO,JARAL DEL PROGRESO
11,43,GUANAJUATO,VICTORIA
11,29,GUANAJUATO,SAN DIEGO DE LA UNION
11,22,GUANAJUATO,OCAMPO
11,36,GUANAJUATO,SANTIAGO MARAVATIO
11,2,GUANAJUATO,ACAMBARO
11,17,GUANAJUATO,IRAPUATO
11,24,GUANAJUATO,PUEBLO NUEVO
11,27,GUANAJUATO,SALAMANCA
11,13,GUANAJUATO,DOCTOR MORA
11,28,GUANAJUATO,SALVATIERRA
11,33,GUANAJUATO,SAN LUIS DE LA PAZ
12,33,GUERRERO,HUAMUXTITLAN
12,36,GUERRERO,IGUALAPA
12,58,GUERRERO,TELOLOAPAN
12,40,GUERRERO,LEONARDO BRAVO
12,46,GUERRERO,OMETEPEC
12,56,GUERRERO,TECOANAPA
12,11,GUERRERO,ATOYAC DE ALVAREZ
12,44,GUERRERO,MOCHITLAN
12,34,GUERRERO,HUITZUCO DE LOS FIGUEROA
12,21,GUERRERO,COYUCA DE BENITEZ
12,81,GUERRERO,ILIATENCO
12,38,GUERRERO,ZIHUATANEJO DE AZUETA
12,22,GUERRERO,COYUCA DE CATALAN
12,48,GUERRERO,PETATLAN
12,60,GUERRERO,TETIPAC
12,7,GUERRERO,ARCELIA
12,67,GUERRERO,TLAPEHUALA
12,17,GUERRERO,COCULA
12,32,GUERRERO,GENERAL HELIODORO CASTILLO
12,77,GUERRERO,MARQUELIA
12,8,GUERRERO,ATENANGO DEL RIO
12,45,GUERRERO,OLINALA
12,13,GUERRERO,AZOYU
12,35,GUERRERO,IGUALA DE LA INDEPENDENCIA
12,42,GUERRERO,MARTIR DE CUILAPAN
12,65,GUERRERO,TLALIXTAQUILLA DE MALDONADO
12,71,GUERRERO,XOCHISTLAHUACA
12,53,GUERRERO,SAN MARCOS
12,64,GUERRERO,TLALCHAPA
12,80,GUERRERO,JUCHITAN
12,85,GUERRERO,SAN NICOLAS                                                                 
12,54,GUERRERO,SAN MIGUEL TOTOLAPAN
12,61,GUERRERO,TIXTLA DE GUERRERO
12,14,GUERRERO,BENITO JUAREZ
12,2,GUERRERO,AHUACUOTZINGO
12,30,GUERRERO,FLORENCIO VILLARREAL
12,41,GUERRERO,MALINALTEPEC
12,57,GUERRERO,TECPAN DE GALEANA
12,5,GUERRERO,ALPOYECA
12,49,GUERRERO,PILCAYA
12,50,GUERRERO,PUNGARABATO
12,10,GUERRERO,ATLIXTAC
12,66,GUERRERO,TLAPA DE COMONFORT
12,52,GUERRERO,SAN LUIS ACATLAN
12,19,GUERRERO,COPALILLO
12,68,GUERRERO,LA UNION DE ISIDORO MONTES DE OCA
12,72,GUERRERO,ZAPOTITLAN TABLAS
12,18,GUERRERO,COPALA
12,1,GUERRERO,ACAPULCO DE JUAREZ
12,28,GUERRERO,CHILAPA DE ALVAREZ
12,43,GUERRERO,METLATONOC
12,73,GUERRERO,ZIRANDARO
12,12,GUERRERO,AYUTLA DE LOS LIBRES
12,24,GUERRERO,CUALAC
12,74,GUERRERO,ZITLALA
12,75,GUERRERO,EDUARDO NERI
12,3,GUERRERO,AJUCHITLAN DEL PROGRESO
12,39,GUERRERO,JUAN R. ESCUDERO
12,15,GUERRERO,BUENAVISTA DE CUELLAR
12,70,GUERRERO,XOCHIHUEHUETLAN
12,82,GUERRERO,LAS VIGAS                                                                   
12,27,GUERRERO,CUTZAMALA DE PINZON
12,29,GUERRERO,CHILPANCINGO DE LOS BRAVO
12,55,GUERRERO,TAXCO DE ALARCON
12,25,GUERRERO,CUAUTEPEC
12,31,GUERRERO,GENERAL CANUTO A. NERI
12,51,GUERRERO,QUECHULTENANGO
12,4,GUERRERO,ALCOZAUCA DE GUERRERO
12,23,GUERRERO,CUAJINICUILAPA
12,76,GUERRERO,ACATEPEC
12,59,GUERRERO,TEPECOACUILCO DE TRUJANO
12,6,GUERRERO,APAXTLA
13,9,HIDALGO,EL ARENAL
13,43,HIDALGO,NICOLAS FLORES
13,14,HIDALGO,CALNALI
13,37,HIDALGO,METZTITLAN
13,30,HIDALGO,IXMIQUILPAN
13,60,HIDALGO,TENANGO DE DORIA
13,54,HIDALGO,SAN SALVADOR
13,13,HIDALGO,ATOTONILCO DE TULA
13,83,HIDALGO,ZEMPOALA
13,27,HIDALGO,HUEHUETLA
13,72,HIDALGO,TLANALAPA
13,1,HIDALGO,ACATLAN
13,19,HIDALGO,CHILCUAUTLA
13,17,HIDALGO,CHAPANTONGO
13,16,HIDALGO,CUAUTEPEC DE HINOJOSA
13,41,HIDALGO,MIXQUIAHUALA DE JUAREZ
13,55,HIDALGO,SANTIAGO DE ANAYA
13,69,HIDALGO,TIZAYUCA
13,76,HIDALGO,TULA DE ALLENDE
13,24,HIDALGO,HUASCA DE OCAMPO
13,44,HIDALGO,NOPALA DE VILLAGRAN
13,48,HIDALGO,PACHUCA DE SOTO
13,77,HIDALGO,TULANCINGO DE BRAVO
13,4,HIDALGO,AGUA BLANCA DE ITURBIDE
13,49,HIDALGO,PISAFLORES
13,53,HIDALGO,SAN BARTOLO TUTOTEPEC
13,57,HIDALGO,SINGUILUCAN
13,66,HIDALGO,VILLA DE TEZONTEPEC
13,23,HIDALGO,FRANCISCO I. MADERO
13,45,HIDALGO,OMITLAN DE JUAREZ
13,46,HIDALGO,SAN FELIPE ORIZATLAN
13,63,HIDALGO,TEPEJI DEL RIO DE OCAMPO
13,12,HIDALGO,ATOTONILCO EL GRANDE
13,35,HIDALGO,METEPEC
13,40,HIDALGO,LA MISION
13,42,HIDALGO,MOLANGO DE ESCAMILLA
13,8,HIDALGO,APAN
13,11,HIDALGO,ATLAPEXCO
13,26,HIDALGO,HUAZALINGO
13,2,HIDALGO,ACAXOCHITLAN
13,68,HIDALGO,TIANGUISTENGO
13,75,HIDALGO,TOLCAYUCA
13,36,HIDALGO,SAN AGUSTIN METZQUITITLAN
13,78,HIDALGO,XOCHIATIPAN
13,3,HIDALGO,ACTOPAN
13,34,HIDALGO,LOLOTLA
13,61,HIDALGO,TEPEAPULCO
13,84,HIDALGO,ZIMAPAN
13,5,HIDALGO,AJACUBA
13,15,HIDALGO,CARDONAL
13,29,HIDALGO,HUICHAPAN
13,39,HIDALGO,MINERAL DEL MONTE
13,21,HIDALGO,EMILIANO ZAPATA
13,7,HIDALGO,ALMOLOYA
13,56,HIDALGO,SANTIAGO TULANTEPEC DE LUGO GUERRERO
13,28,HIDALGO,HUEJUTLA DE REYES
13,25,HIDALGO,HUAUTLA
13,81,HIDALGO,ZACUALTIPAN DE ANGELES
13,59,HIDALGO,TECOZAUTLA
13,65,HIDALGO,TETEPANGO
13,31,HIDALGO,JACALA DE LEDEZMA
13,70,HIDALGO,TLAHUELILPAN
13,80,HIDALGO,YAHUALICA
13,52,HIDALGO,SAN AGUSTIN TLAXIACA
13,73,HIDALGO,TLANCHINOL
13,74,HIDALGO,TLAXCOAPAN
13,10,HIDALGO,ATITALAQUIA
13,18,HIDALGO,CHAPULHUACAN
13,22,HIDALGO,EPAZOYUCAN
13,51,HIDALGO,MINERAL DE LA REFORMA
13,64,HIDALGO,TEPETITLAN
13,82,HIDALGO,ZAPOTLAN DE JUAREZ
13,67,HIDALGO,TEZONTEPEC DE ALDAMA
13,6,HIDALGO,ALFAJAYUCAN
13,58,HIDALGO,TASQUILLO
13,50,HIDALGO,PROGRESO DE OBREGON
14,86,JALISCO,TAPALPA
14,66,JALISCO,PONCITLAN
14,92,JALISCO,TEOCUITATLAN DE CORONA
14,121,JALISCO,ZAPOTILTIC
14,124,JALISCO,ZAPOTLANEJO
14,83,JALISCO,TALA
14,14,JALISCO,ATOYAC
14,43,JALISCO,LA HUERTA
14,49,JALISCO,JILOTLAN DE LOS DOLORES
14,71,JALISCO,SAN CRISTOBAL DE LA BARRANCA
14,93,JALISCO,TEPATITLAN DE MORELOS
14,102,JALISCO,TONAYA
14,115,JALISCO,VILLA GUERRERO
14,117,JALISCO,CANADAS DE OBREGON
14,41,JALISCO,HUEJUCAR
14,85,JALISCO,TAMAZULA DE GORDIANO
14,110,JALISCO,UNION DE TULA
14,119,JALISCO,ZACOALCO DE TORRES
14,53,JALISCO,LAGOS DE MORENO
14,99,JALISCO,TOLIMAN
14,40,JALISCO,HOSTOTIPAQUILLO
14,62,JALISCO,MIXTLAN
14,107,JALISCO,TUXCUECA
14,116,JALISCO,VILLA HIDALGO
14,6,JALISCO,AMECA
14,13,JALISCO,ATOTONILCO EL ALTO
14,20,JALISCO,CABO CORRIENTES
14,91,JALISCO,TEOCALTICHE
14,9,JALISCO,EL ARENAL
14,57,JALISCO,LA MANZANILLA DE LA PAZ
14,19,JALISCO,BOLANOS
14,48,JALISCO,JESUS MARIA
14,78,JALISCO,SAN MIGUEL EL ALTO
14,81,JALISCO,SANTA MARIA DE LOS ANGELES
14,30,JALISCO,CHAPALA
14,96,JALISCO,TIZAPAN EL ALTO
14,100,JALISCO,TOMATLAN
14,104,JALISCO,TOTATICHE
14,12,JALISCO,ATENGUILLO
14,10,JALISCO,ATEMAJAC DE BRIZUELA
14,38,JALISCO,GUACHINANGO
14,39,JALISCO,GUADALAJARA
14,87,JALISCO,TECALITLAN
14,98,JALISCO,SAN PEDRO TLAQUEPAQUE
14,112,JALISCO,VALLE DE JUAREZ
14,120,JALISCO,ZAPOPAN
14,21,JALISCO,CASIMIRO CASTILLO
14,63,JALISCO,OCOTLAN
14,42,JALISCO,HUEJUQUILLA EL ALTO
14,46,JALISCO,JALOSTOTITLAN
14,64,JALISCO,OJUELOS DE JALISCO
14,76,JALISCO,SAN MARTIN DE BOLANOS
14,80,JALISCO,SAN SEBASTIAN DEL OESTE
14,18,JALISCO,LA BARCA
14,29,JALISCO,CUQUIO
14,84,JALISCO,TALPA DE ALLENDE
14,113,JALISCO,SAN GABRIEL
14,17,JALISCO,AYUTLA
14,28,JALISCO,CUAUTLA
14,37,JALISCO,EL GRULLO
14,33,JALISCO,DEGOLLADO
14,54,JALISCO,EL LIMON
14,75,JALISCO,SAN MARCOS
14,95,JALISCO,TEUCHITLAN
14,4,JALISCO,AMACUECA
14,24,JALISCO,COCULA
14,5,JALISCO,AMATITAN
14,50,JALISCO,JOCOTEPEC
14,101,JALISCO,TONALA
14,26,JALISCO,CONCEPCION DE BUENOS AIRES
14,45,JALISCO,IXTLAHUACAN DEL RIO
14,82,JALISCO,SAYULA
14,97,JALISCO,TLAJOMULCO DE ZUNIGA
14,79,JALISCO,GOMEZ FARIAS
14,2,JALISCO,ACATLAN DE JUAREZ
14,68,JALISCO,VILLA PURIFICACION
14,88,JALISCO,TECOLOTLAN
14,111,JALISCO,VALLE DE GUADALUPE
14,11,JALISCO,ATENGO
14,35,JALISCO,ENCARNACION DE DIAZ
14,65,JALISCO,PIHUAMO
14,118,JALISCO,YAHUALICA DE GONZALEZ GALLO
14,3,JALISCO,AHUALULCO DE MERCADO
14,47,JALISCO,JAMAY
14,7,JALISCO,SAN JUANITO DE ESCOBEDO
14,25,JALISCO,COLOTLAN
14,32,JALISCO,CHIQUILISTLAN
14,59,JALISCO,MAZAMITLA
14,60,JALISCO,MEXTICACAN
14,74,JALISCO,SAN JULIAN
14,58,JALISCO,MASCOTA
14,27,JALISCO,CUAUTITLAN DE GARCIA BARRAGAN
14,94,JALISCO,TEQUILA
14,114,JALISCO,VILLA CORONA
14,51,JALISCO,JUANACATLAN
14,73,JALISCO,SAN JUAN DE LOS LAGOS
14,1,JALISCO,ACATIC
14,15,JALISCO,AUTLAN DE NAVARRO
14,16,JALISCO,AYOTLAN
14,67,JALISCO,PUERTO VALLARTA
14,23,JALISCO,ZAPOTLAN EL GRANDE
14,36,JALISCO,ETZATLAN
14,90,JALISCO,TENAMAXTLAN
14,125,JALISCO,SAN IGNACIO CERRO GORDO
14,52,JALISCO,JUCHITLAN
14,70,JALISCO,EL SALTO
14,44,JALISCO,IXTLAHUACAN DE LOS MEMBRILLOS
14,123,JALISCO,ZAPOTLAN DEL REY
14,22,JALISCO,CIHUATLAN
14,61,JALISCO,MEZQUITIC
14,69,JALISCO,QUITUPAN
14,55,JALISCO,MAGDALENA
14,103,JALISCO,TONILA
14,105,JALISCO,TOTOTLAN
14,108,JALISCO,TUXPAN
14,72,JALISCO,SAN DIEGO DE ALEJANDRIA
14,77,JALISCO,SAN MARTIN HIDALGO
14,109,JALISCO,UNION DE SAN ANTONIO
14,8,JALISCO,ARANDAS
14,122,JALISCO,ZAPOTITLAN DE VADILLO
15,4,MEXICO                      ,ALMOLOYA DE ALQUISIRAS
15,53,MEXICO                      ,MELCHOR OCAMPO
15,73,MEXICO                      ,SAN ANTONIO LA ISLA
15,78,MEXICO                      ,SANTO TOMAS
15,109,MEXICO                      ,TULTITLAN
15,90,MEXICO                      ,TENANGO DEL VALLE
15,25,MEXICO                      ,CHALCO
15,59,MEXICO                      ,NEXTLALPAN
15,63,MEXICO                      ,OCUILAN
15,111,MEXICO                      ,VILLA DE ALLENDE
15,62,MEXICO                      ,OCOYOACAC
15,64,MEXICO                      ,EL ORO
15,26,MEXICO                      ,CHAPA DE MOTA
15,33,MEXICO                      ,ECATEPEC DE MORELOS
15,36,MEXICO                      ,HUEYPOXTLA
15,45,MEXICO                      ,JILOTEPEC
15,89,MEXICO                      ,TENANGO DEL AIRE
15,96,MEXICO                      ,TEQUIXQUIAC
15,79,MEXICO                      ,SOYANIQUILPAN DE JUAREZ
15,119,MEXICO                      ,ZUMPAHUACAN
15,7,MEXICO                      ,AMANALCO
15,35,MEXICO                      ,HUEHUETOCA
15,82,MEXICO                      ,TEJUPILCO
15,83,MEXICO                      ,TEMAMATLA
15,98,MEXICO                      ,TEXCALYACAC
15,20,MEXICO                      ,COACALCO DE BERRIOZABAL
15,101,MEXICO                      ,TIANGUISTENCO
15,49,MEXICO                      ,JOQUICINGO
15,31,MEXICO                      ,CHIMALHUACAN
15,55,MEXICO                      ,MEXICALTZINGO
15,110,MEXICO                      ,VALLE DE BRAVO
15,118,MEXICO                      ,ZINACANTEPEC
15,9,MEXICO                      ,AMECAMECA
15,107,MEXICO                      ,TONATICO
15,23,MEXICO                      ,COYOTEPEC
15,86,MEXICO                      ,TEMASCALTEPEC
15,92,MEXICO                      ,TEOTIHUACAN
15,47,MEXICO                      ,JIQUIPILCO
15,112,MEXICO                      ,VILLA DEL CARBON
15,113,MEXICO                      ,VILLA GUERRERO
15,115,MEXICO                      ,XONACATLAN
15,15,MEXICO                      ,ATLAUTLA
15,75,MEXICO                      ,SAN MARTIN DE LAS PIRAMIDES
15,120,MEXICO                      ,ZUMPANGO
15,10,MEXICO                      ,APAXCO
15,56,MEXICO                      ,MORELOS
15,48,MEXICO                      ,JOCOTITLAN
15,122,MEXICO                      ,VALLE DE CHALCO SOLIDARIDAD
15,11,MEXICO                      ,ATENCO
15,123,MEXICO                      ,LUVIANOS
15,12,MEXICO                      ,ATIZAPAN
15,22,MEXICO                      ,COCOTITLAN
15,67,MEXICO                      ,OTZOLOTEPEC
15,74,MEXICO                      ,SAN FELIPE DEL PROGRESO
15,85,MEXICO                      ,TEMASCALCINGO
15,38,MEXICO                      ,ISIDRO FABELA
15,1,MEXICO                      ,ACAMBAY DE RUIZ CASTANEDA
15,88,MEXICO                      ,TENANCINGO
15,117,MEXICO                      ,ZACUALPAN
15,54,MEXICO                      ,METEPEC
15,108,MEXICO                      ,TULTEPEC
15,39,MEXICO                      ,IXTAPALUCA
15,43,MEXICO                      ,XALATLACO
15,65,MEXICO                      ,OTUMBA
15,76,MEXICO                      ,SAN MATEO ATENCO
15,97,MEXICO                      ,TEXCALTITLAN
15,44,MEXICO                      ,JALTENCO
15,95,MEXICO                      ,TEPOTZOTLAN
15,29,MEXICO                      ,CHICOLOAPAN
15,42,MEXICO                      ,IXTLAHUACA
15,121,MEXICO                      ,CUAUTITLAN IZCALLI
15,19,MEXICO                      ,CAPULHUAC
15,50,MEXICO                      ,JUCHITEPEC
15,71,MEXICO                      ,POLOTITLAN
15,80,MEXICO                      ,SULTEPEC
15,61,MEXICO                      ,NOPALTEPEC
15,5,MEXICO                      ,ALMOLOYA DE JUAREZ
15,24,MEXICO                      ,CUAUTITLAN
15,32,MEXICO                      ,DONATO GUERRA
15,52,MEXICO                      ,MALINALCO
15,6,MEXICO                      ,ALMOLOYA DEL RIO
15,34,MEXICO                      ,ECATZINGO
15,37,MEXICO                      ,HUIXQUILUCAN
15,46,MEXICO                      ,JILOTZINGO
15,93,MEXICO                      ,TEPETLAOXTOC
15,40,MEXICO                      ,IXTAPAN DE LA SAL
15,60,MEXICO                      ,NICOLAS ROMERO
15,18,MEXICO                      ,CALIMAYA
15,21,MEXICO                      ,COATEPEC HARINAS
15,58,MEXICO                      ,NEZAHUALCOYOTL
15,103,MEXICO                      ,TLALMANALCO
15,125,MEXICO                      ,TONANITLA
15,17,MEXICO                      ,AYAPANGO
15,13,MEXICO                      ,ATIZAPAN DE ZARAGOZA
15,105,MEXICO                      ,TLATLAYA
15,57,MEXICO                      ,NAUCALPAN DE JUAREZ
15,116,MEXICO                      ,ZACAZONAPAN
15,28,MEXICO                      ,CHIAUTLA
15,51,MEXICO                      ,LERMA
15,69,MEXICO                      ,PAPALOTLA
15,84,MEXICO                      ,TEMASCALAPA
15,94,MEXICO                      ,TEPETLIXPA
15,102,MEXICO                      ,TIMILPAN
15,14,MEXICO                      ,ATLACOMULCO
15,66,MEXICO                      ,OTZOLOAPAN
15,99,MEXICO                      ,TEXCOCO
15,124,MEXICO                      ,SAN JOSE DEL RINCON
15,72,MEXICO                      ,RAYON
15,91,MEXICO                      ,TEOLOYUCAN
15,104,MEXICO                      ,TLALNEPANTLA DE BAZ
15,27,MEXICO                      ,CHAPULTEPEC
15,30,MEXICO                      ,CHICONCUAC
15,70,MEXICO                      ,LA PAZ
15,87,MEXICO                      ,TEMOAYA
15,3,MEXICO                      ,ACULCO
15,68,MEXICO                      ,OZUMBA
15,81,MEXICO                      ,TECAMAC
15,100,MEXICO                      ,TEZOYUCA
15,2,MEXICO                      ,ACOLMAN
15,16,MEXICO                      ,AXAPUSCO
15,8,MEXICO                      ,AMATEPEC
15,106,MEXICO                      ,TOLUCA
15,114,MEXICO                      ,VILLA VICTORIA
16,23,MICHOACAN DE OCAMPO,CHAVINDA
16,70,MICHOACAN DE OCAMPO,PUREPERO
16,33,MICHOACAN DE OCAMPO,GABRIEL ZAMORA
16,101,MICHOACAN DE OCAMPO,TZITZIO
16,1,MICHOACAN DE OCAMPO,ACUITZIO
16,19,MICHOACAN DE OCAMPO,COTIJA
16,86,MICHOACAN DE OCAMPO,TANHUATO
16,91,MICHOACAN DE OCAMPO,TINGUINDIN
16,97,MICHOACAN DE OCAMPO,TURICATO
16,52,MICHOACAN DE OCAMPO,LAZARO CARDENAS
16,69,MICHOACAN DE OCAMPO,LA PIEDAD
16,3,MICHOACAN DE OCAMPO,ALVARO OBREGON
16,54,MICHOACAN DE OCAMPO,MORELOS
16,94,MICHOACAN DE OCAMPO,TLAZAZALCA
16,6,MICHOACAN DE OCAMPO,APATZINGAN
16,50,MICHOACAN DE OCAMPO,MARAVATIO
16,8,MICHOACAN DE OCAMPO,AQUILA
16,35,MICHOACAN DE OCAMPO,LA HUACANA
16,43,MICHOACAN DE OCAMPO,JACONA
16,44,MICHOACAN DE OCAMPO,JIMENEZ
16,60,MICHOACAN DE OCAMPO,NUMARAN
16,4,MICHOACAN DE OCAMPO,ANGAMACUTIRO
16,45,MICHOACAN DE OCAMPO,JIQUILPAN
16,65,MICHOACAN DE OCAMPO,PARACHO
16,113,MICHOACAN DE OCAMPO,JOSE SIXTO VERDUZCO
16,98,MICHOACAN DE OCAMPO,TUXPAN
16,16,MICHOACAN DE OCAMPO,COENEO
16,31,MICHOACAN DE OCAMPO,EPITACIO HUERTA
16,78,MICHOACAN DE OCAMPO,SANTA ANA MAYA
16,112,MICHOACAN DE OCAMPO,ZITACUARO
16,13,MICHOACAN DE OCAMPO,CARACUARO
16,75,MICHOACAN DE OCAMPO,LOS REYES
16,111,MICHOACAN DE OCAMPO,ZIRACUARETIRO
16,2,MICHOACAN DE OCAMPO,AGUILILLA
16,22,MICHOACAN DE OCAMPO,CHARO
16,81,MICHOACAN DE OCAMPO,SUSUPUATO
16,32,MICHOACAN DE OCAMPO,ERONGARICUARO
16,109,MICHOACAN DE OCAMPO,ZINAPARO
16,11,MICHOACAN DE OCAMPO,BRISENAS
16,73,MICHOACAN DE OCAMPO,QUIROGA
16,100,MICHOACAN DE OCAMPO,TZINTZUNTZAN
16,27,MICHOACAN DE OCAMPO,CHUCANDIRO
16,79,MICHOACAN DE OCAMPO,SALVADOR ESCALANTE
16,83,MICHOACAN DE OCAMPO,TANCITARO
16,14,MICHOACAN DE OCAMPO,COAHUAYANA
16,18,MICHOACAN DE OCAMPO,COPANDARO
16,56,MICHOACAN DE OCAMPO,NAHUATZEN
16,42,MICHOACAN DE OCAMPO,IXTLAN
16,12,MICHOACAN DE OCAMPO,BUENAVISTA
16,41,MICHOACAN DE OCAMPO,IRIMBO
16,48,MICHOACAN DE OCAMPO,LAGUNILLAS
16,74,MICHOACAN DE OCAMPO,COJUMATLAN DE REGULES
16,84,MICHOACAN DE OCAMPO,TANGAMANDAPIO
16,105,MICHOACAN DE OCAMPO,VISTA HERMOSA
16,107,MICHOACAN DE OCAMPO,ZACAPU
16,25,MICHOACAN DE OCAMPO,CHILCHOTA
16,93,MICHOACAN DE OCAMPO,TLALPUJAHUA
16,96,MICHOACAN DE OCAMPO,TUMBISCATIO
16,38,MICHOACAN DE OCAMPO,HUETAMO
16,51,MICHOACAN DE OCAMPO,MARCOS CASTELLANOS
16,55,MICHOACAN DE OCAMPO,MUGICA
16,71,MICHOACAN DE OCAMPO,PURUANDIRO
16,30,MICHOACAN DE OCAMPO,ECUANDUREO
16,57,MICHOACAN DE OCAMPO,NOCUPETARO
16,77,MICHOACAN DE OCAMPO,SAN LUCAS
16,88,MICHOACAN DE OCAMPO,TARIMBARO
16,95,MICHOACAN DE OCAMPO,TOCUMBO
16,80,MICHOACAN DE OCAMPO,SENGUIO
16,66,MICHOACAN DE OCAMPO,PATZCUARO
16,110,MICHOACAN DE OCAMPO,ZINAPECUARO
16,7,MICHOACAN DE OCAMPO,APORO
16,9,MICHOACAN DE OCAMPO,ARIO
16,21,MICHOACAN DE OCAMPO,CHARAPAN
16,90,MICHOACAN DE OCAMPO,TINGAMBATO
16,34,MICHOACAN DE OCAMPO,HIDALGO
16,46,MICHOACAN DE OCAMPO,JUAREZ
16,76,MICHOACAN DE OCAMPO,SAHUAYO
16,102,MICHOACAN DE OCAMPO,URUAPAN
16,17,MICHOACAN DE OCAMPO,CONTEPEC
16,28,MICHOACAN DE OCAMPO,CHURINTZIO
16,49,MICHOACAN DE OCAMPO,MADERO
16,99,MICHOACAN DE OCAMPO,TUZANTLA
16,59,MICHOACAN DE OCAMPO,NUEVO URECHO
16,82,MICHOACAN DE OCAMPO,TACAMBARO
16,24,MICHOACAN DE OCAMPO,CHERAN
16,58,MICHOACAN DE OCAMPO,NUEVO PARANGARICUTIRO
16,67,MICHOACAN DE OCAMPO,PENJAMILLO
16,89,MICHOACAN DE OCAMPO,TEPALCATEPEC
16,103,MICHOACAN DE OCAMPO,VENUSTIANO CARRANZA
16,104,MICHOACAN DE OCAMPO,VILLAMAR
16,10,MICHOACAN DE OCAMPO,ARTEAGA
16,36,MICHOACAN DE OCAMPO,HUANDACAREO
16,72,MICHOACAN DE OCAMPO,QUERENDARO
16,47,MICHOACAN DE OCAMPO,JUNGAPEO
16,92,MICHOACAN DE OCAMPO,TIQUICHEO DE NICOLAS ROMERO
16,15,MICHOACAN DE OCAMPO,COALCOMAN DE VAZQUEZ PALLARES
16,53,MICHOACAN DE OCAMPO,MORELIA
16,64,MICHOACAN DE OCAMPO,PARACUARO
16,108,MICHOACAN DE OCAMPO,ZAMORA
16,40,MICHOACAN DE OCAMPO,INDAPARAPEO
16,61,MICHOACAN DE OCAMPO,OCAMPO
16,62,MICHOACAN DE OCAMPO,PAJACUARAN
16,5,MICHOACAN DE OCAMPO,ANGANGUEO
16,20,MICHOACAN DE OCAMPO,CUITZEO
16,68,MICHOACAN DE OCAMPO,PERIBAN
16,29,MICHOACAN DE OCAMPO,CHURUMUCO
16,63,MICHOACAN DE OCAMPO,PANINDICUARO
16,37,MICHOACAN DE OCAMPO,HUANIQUEO
16,87,MICHOACAN DE OCAMPO,TARETAN
16,85,MICHOACAN DE OCAMPO,TANGANCICUARO
16,106,MICHOACAN DE OCAMPO,YURECUARO
17,7,MORELOS,CUERNAVACA
17,26,MORELOS,TLAYACAPAN
17,5,MORELOS,COATLAN DEL RIO
17,12,MORELOS,JOJUTLA
17,23,MORELOS,TLALNEPANTLA
17,1,MORELOS,AMACUZAC
17,31,MORELOS,ZACATEPEC
17,14,MORELOS,MAZATEPEC
17,9,MORELOS,HUITZILAC
17,29,MORELOS,YAUTEPEC
17,4,MORELOS,AYALA
17,32,MORELOS,ZACUALPAN
17,10,MORELOS,JANTETELCO
17,2,MORELOS,ATLATLAHUCAN
17,17,MORELOS,PUENTE DE IXTLA
17,28,MORELOS,XOCHITEPEC
17,24,MORELOS,TLALTIZAPAN DE ZAPATA
17,35,MORELOS,XOXOCOTLA
17,16,MORELOS,OCUITUCO
17,8,MORELOS,EMILIANO ZAPATA
17,33,MORELOS,TEMOAC
17,6,MORELOS,CUAUTLA
17,13,MORELOS,JONACATEPEC
17,27,MORELOS,TOTOLAPAN
17,11,MORELOS,JIUTEPEC
17,25,MORELOS,TLAQUILTENANGO
17,21,MORELOS,TETECALA
17,30,MORELOS,YECAPIXTLA
17,34,MORELOS,COATETELCO
17,3,MORELOS,AXOCHIAPAN
17,15,MORELOS,MIACATLAN
17,20,MORELOS,TEPOZTLAN
17,18,MORELOS,TEMIXCO
17,22,MORELOS,TETELA DEL VOLCAN
17,19,MORELOS,TEPALCINGO
18,6,NAYARIT,IXTLAN DEL RIO
18,3,NAYARIT,AMATLAN DE CANAS
18,11,NAYARIT,RUIZ
18,20,NAYARIT,BAHIA DE BANDERAS
18,4,NAYARIT,COMPOSTELA
18,5,NAYARIT,HUAJICORI
18,2,NAYARIT,AHUACATLAN
18,14,NAYARIT,SANTA MARIA DEL ORO
18,8,NAYARIT,XALISCO
18,18,NAYARIT,TUXPAN
18,19,NAYARIT,LA YESCA
18,10,NAYARIT,ROSAMORADA
18,13,NAYARIT,SAN PEDRO LAGUNILLAS
18,1,NAYARIT,ACAPONETA
18,16,NAYARIT,TECUALA
18,15,NAYARIT,SANTIAGO IXCUINTLA
18,7,NAYARIT,JALA
18,12,NAYARIT,SAN BLAS
18,17,NAYARIT,TEPIC
19,25,NUEVO LEON   ,GENERAL ZUAZUA
19,26,NUEVO LEON   ,GUADALUPE
19,29,NUEVO LEON   ,HUALAHUISES
19,32,NUEVO LEON   ,LAMPAZOS DE NARANJO
19,12,NUEVO LEON   ,CIENEGA DE FLORES
19,39,NUEVO LEON   ,MONTERREY
19,41,NUEVO LEON   ,PESQUERIA
19,22,NUEVO LEON   ,GENERAL TERAN
19,2,NUEVO LEON   ,AGUALEGUAS
19,18,NUEVO LEON   ,GARCIA
19,27,NUEVO LEON   ,LOS HERRERAS
19,7,NUEVO LEON   ,ARAMBERRI
19,31,NUEVO LEON   ,JUAREZ
19,11,NUEVO LEON   ,CERRALVO
19,45,NUEVO LEON   ,SALINAS VICTORIA
19,8,NUEVO LEON   ,BUSTAMANTE
19,19,NUEVO LEON   ,SAN PEDRO GARZA GARCIA
19,44,NUEVO LEON   ,SABINAS HIDALGO
19,33,NUEVO LEON   ,LINARES
19,42,NUEVO LEON   ,LOS RAMONES
19,49,NUEVO LEON   ,SANTIAGO
19,6,NUEVO LEON   ,APODACA
19,46,NUEVO LEON   ,SAN NICOLAS DE LOS GARZA
19,14,NUEVO LEON   ,DOCTOR ARROYO
19,40,NUEVO LEON   ,PARAS
19,38,NUEVO LEON   ,MONTEMORELOS
19,4,NUEVO LEON   ,ALLENDE
19,13,NUEVO LEON   ,CHINA
19,21,NUEVO LEON   ,GENERAL ESCOBEDO
19,24,NUEVO LEON   ,GENERAL ZARAGOZA
19,34,NUEVO LEON   ,MARIN
19,51,NUEVO LEON   ,VILLALDAMA
19,5,NUEVO LEON   ,ANAHUAC
19,47,NUEVO LEON   ,HIDALGO
19,9,NUEVO LEON   ,CADEREYTA JIMENEZ
19,17,NUEVO LEON   ,GALEANA
19,10,NUEVO LEON   ,EL CARMEN
19,20,NUEVO LEON   ,GENERAL BRAVO
19,48,NUEVO LEON   ,SANTA CATARINA
20,39,OAXACA,HEROICA CIUDAD DE HUAJUAPAN DE LEON
20,87,OAXACA,SAN AGUSTIN YATARENI
20,440,OAXACA,SANTA MARIA TOTOLAPILLA
20,486,OAXACA,VILLA TEJUPAM DE LA UNION
20,525,OAXACA,SANTO DOMINGO ZANATEPEC
20,25,OAXACA,CHAHUITES
20,44,OAXACA,LOMA BONITA
20,46,OAXACA,MAGDALENA JALTEPEC
20,166,OAXACA,SAN JOSE CHILTEPEC
20,194,OAXACA,SAN JUAN DEL RIO
20,208,OAXACA,SAN JUAN MIXTEPEC
20,237,OAXACA,SAN MARCOS ARTEAGA
20,369,OAXACA,SANTA CATARINA QUIANE
20,450,OAXACA,SANTIAGO AMOLTEPEC
20,533,OAXACA,SANTO TOMAS TAMAZULAPAN
20,28,OAXACA,HEROICA CIUDAD DE EJUTLA DE CRESPO
20,83,OAXACA,SAN AGUSTIN DE LAS JUNTAS
20,102,OAXACA,SAN ANDRES ZAUTLA
20,118,OAXACA,SAN BARTOLOME QUIALANA
20,176,OAXACA,SAN JUAN BAUTISTA COIXTLAHUACA
20,245,OAXACA,SAN MARTIN ZACATEPEC
20,350,OAXACA,SAN SEBASTIAN TUTLA
20,462,OAXACA,SANTIAGO HUAJOLOTITLAN
20,483,OAXACA,SANTIAGO SUCHILQUITONGO
20,535,OAXACA,SAN VICENTE LACHIXIO
20,275,OAXACA,SAN MIGUEL QUETZALTEPEC
20,327,OAXACA,SAN PEDRO TAPANATEPEC
20,330,OAXACA,SAN PEDRO TEUTILA
20,421,OAXACA,SANTA MARIA MIXTEQUILLA
20,449,OAXACA,SANTA MARIA ZOQUITLAN
20,453,OAXACA,SANTIAGO ASTATA
20,124,OAXACA,SAN BLAS ATEMPA
20,315,OAXACA,SAN PEDRO MARTIR
20,345,OAXACA,SAN SEBASTIAN IXCAPA
20,526,OAXACA,SANTOS REYES NOPALA
20,559,OAXACA,SAN JUAN BAUTISTA VALLE NACIONAL
20,89,OAXACA,SAN ANDRES DINICUITI
20,310,OAXACA,SAN PEDRO IXTLAHUACA
20,362,OAXACA,SANTA CATARINA CUIXTLA
20,455,OAXACA,SANTIAGO AYUQUILILLA
20,500,OAXACA,SANTIAGO YOSONDUA
20,520,OAXACA,SANTO DOMINGO TONALA
20,314,OAXACA,SAN PEDRO JUCHATENGO
20,336,OAXACA,SAN PEDRO YOLOX
20,343,OAXACA,SAN SEBASTIAN ABASOLO
20,150,OAXACA,SAN FRANCISCO TELIXTLAHUACA
20,305,OAXACA,SAN PEDRO COMITANCILLO
20,342,OAXACA,SAN RAYMUNDO JALPAN
20,31,OAXACA,TAMAZULAPAM DEL ESPIRITU SANTO
20,34,OAXACA,GUADALUPE DE RAMIREZ
20,73,OAXACA,PUTLA VILLA DE GUERRERO
20,308,OAXACA,SAN PEDRO HUILOTEPEC
20,399,OAXACA,SANTA MARIA ATZOMPA
20,13,OAXACA,CIENEGA DE ZIMATLAN
20,112,OAXACA,SAN BALTAZAR CHICHICAPAM
20,255,OAXACA,SAN MATEO SINDIHUI
20,278,OAXACA,SAN MIGUEL SOYALTEPEC
20,551,OAXACA,TLACOLULA DE MATAMOROS
20,53,OAXACA,MAGDALENA TLACOTEPEC
20,190,OAXACA,SAN JUAN COTZOCON
20,197,OAXACA,SAN JUAN GUELAVIA
20,9,OAXACA,AYOTZINTEPEC
20,63,OAXACA,NAZARENO ETLA
20,113,OAXACA,SAN BALTAZAR LOXICHA
20,123,OAXACA,SAN BERNARDO MIXTEPEC
20,413,OAXACA,SANTA MARIA HUATULCO
20,475,OAXACA,SANTIAGO MATATLAN
20,560,OAXACA,VILLA DIAZ ORDAZ
20,75,OAXACA,REFORMA DE PINEDA
20,219,OAXACA,SAN JUAN TEITIPAC
20,230,OAXACA,SAN LORENZO VICTORIA
20,490,OAXACA,SANTIAGO TEXCALCINGO
20,546,OAXACA,TEOTITLAN DEL VALLE
20,547,OAXACA,TEOTONGO
20,91,OAXACA,SAN ANDRES HUAYAPAM
20,387,OAXACA,SANTA GERTRUDIS
20,452,OAXACA,SANTIAGO APOSTOL
20,153,OAXACA,SAN GABRIEL MIXTEPEC
20,244,OAXACA,SAN MARTIN TOXPALAN
20,247,OAXACA,CAPULALPAM DE MENDEZ
20,366,OAXACA,SANTA CATARINA LOXICHA
20,424,OAXACA,SANTA MARIA OZOLOTEPEC
20,477,OAXACA,SANTIAGO MINAS
20,545,OAXACA,TEOTITLAN DE FLORES MAGON
20,2,OAXACA,ACATLAN DE PEREZ FIGUEROA
20,30,OAXACA,EL ESPINAL
20,467,OAXACA,SANTIAGO JAMILTEPEC
20,549,OAXACA,"HEROICA VILLA TEZOATLAN DE SEGURA Y LUNA, CUNA DE LA INDEPENDENCIA DE OAXACA"
20,41,OAXACA,HUAUTLA DE JIMENEZ
20,68,OAXACA,OCOTLAN DE MORELOS
20,77,OAXACA,REYES ETLA
20,79,OAXACA,SALINA CRUZ
20,115,OAXACA,SAN BARTOLO COYOTEPEC
20,232,OAXACA,SAN LUCAS OJITLAN
20,333,OAXACA,SAN PEDRO TOTOLAPAM
20,340,OAXACA,SAN PEDRO Y SAN PABLO TEQUIXTEPEC
20,397,OAXACA,HEROICA CIUDAD DE TLAXIACO
20,507,OAXACA,SANTO DOMINGO ARMENTA
20,375,OAXACA,SANTA CRUZ AMILPAS
20,532,OAXACA,SANTO TOMAS OCOTEPEC
20,348,OAXACA,SAN SEBASTIAN TECOMAXTLAHUACA
20,509,OAXACA,SANTO DOMINGO DE MORELOS
20,84,OAXACA,SAN AGUSTIN ETLA
20,293,OAXACA,SAN PABLO ETLA
20,325,OAXACA,SAN PEDRO QUIATONI
20,339,OAXACA,SAN PEDRO Y SAN PABLO TEPOSCOLULA
20,378,OAXACA,SANTA CRUZ MIXTEPEC
20,403,OAXACA,SANTA MARIA COYOTEPEC
20,447,OAXACA,SANTA MARIA ZACATEPEC
20,86,OAXACA,SAN AGUSTIN TLACOTEPEC
20,107,OAXACA,SAN ANTONIO DE LA CAL
20,188,OAXACA,SAN JUAN COLORADO
20,318,OAXACA,SAN PEDRO MIXTEPEC
20,386,OAXACA,SANTA CRUZ ZENZONTEPEC
20,499,OAXACA,SANTIAGO YOLOMECATL
20,143,OAXACA,SAN FRANCISCO IXHUATAN
20,157,OAXACA,SAN JACINTO AMILPAS
20,174,OAXACA,ANIMAS TRUJANO
20,307,OAXACA,SAN PEDRO HUAMELULA
20,381,OAXACA,SANTA CRUZ TACACHE DE MINA
20,398,OAXACA,AYOQUEZCO DE ALDAMA
20,441,OAXACA,SANTA MARIA XADANI
20,21,OAXACA,COSOLAPA
20,111,OAXACA,SAN ANTONIO TEPETLAPA
20,171,OAXACA,SAN JOSE TENANGO
20,202,OAXACA,SAN JUAN LACHAO
20,285,OAXACA,SAN MIGUEL TLACAMAMA
20,519,OAXACA,SANTO DOMINGO TOMALTEPEC
20,295,OAXACA,SAN PABLO HUIXTEPEC
20,493,OAXACA,SANTIAGO TILLO
20,553,OAXACA,TLALIXTAC DE CABRERA
20,43,OAXACA,HEROICA CIUDAD DE JUCHITAN DE ZARAGOZA
20,85,OAXACA,SAN AGUSTIN LOXICHA
20,131,OAXACA,SAN DIONISIO OCOTEPEC
20,163,OAXACA,SAN JERONIMO TECOATL
20,358,OAXACA,SANTA ANA TLAPACOYAN
20,377,OAXACA,SANTA CRUZ ITUNDUJIA
20,513,OAXACA,SANTO DOMINGO PETAPA
20,27,OAXACA,CHIQUIHUITLAN DE BENITO JUAREZ
20,59,OAXACA,MIAHUATLAN DE PORFIRIO DIAZ
20,303,OAXACA,SAN PEDRO CAJONOS
20,427,OAXACA,SANTA MARIA PETAPA
20,438,OAXACA,SANTA MARIA TLALIXTAC
20,52,OAXACA,MAGDALENA TEQUISISTLAN
20,164,OAXACA,SAN JORGE NUCHITA
20,284,OAXACA,SAN MIGUEL TILQUIAPAM
20,312,OAXACA,SAN PEDRO JICAYAN
20,409,OAXACA,SANTA MARIA DEL TULE
20,418,OAXACA,SANTA MARIA JALAPA DEL MARQUES
20,464,OAXACA,SANTIAGO IHUITLAN PLUMAS
20,35,OAXACA,GUELATAO DE JUAREZ
20,134,OAXACA,SAN FELIPE JALAPA DE DIAZ
20,184,OAXACA,SAN JUAN BAUTISTA TUXTEPEC
20,439,OAXACA,SANTA MARIA TONAMECA
20,23,OAXACA,CUILAPAM DE GUERRERO
20,98,OAXACA,SAN ANDRES TEOTILALPAM
20,177,OAXACA,SAN JUAN BAUTISTA CUICATLAN
20,198,OAXACA,SAN JUAN GUICHICOVI
20,243,OAXACA,SAN MARTIN TILCAJETE
20,261,OAXACA,SAN MIGUEL AMATITLAN
20,324,OAXACA,SAN PEDRO POCHUTLA
20,406,OAXACA,SANTA MARIA CHILCHOTLA
20,10,OAXACA,EL BARRIO DE LA SOLEDAD
20,72,OAXACA,SAN JOSE DEL PROGRESO
20,114,OAXACA,SAN BALTAZAR YATZACHI EL BAJO
20,294,OAXACA,SAN PABLO HUITZO
20,380,OAXACA,SANTA CRUZ PAPALUTLA
20,550,OAXACA,SAN JERONIMO TLACOCHAHUAYA
20,561,OAXACA,YAXE
20,7,OAXACA,ASUNCION OCOTLAN
20,141,OAXACA,SAN FRANCISCO DEL MAR
20,260,OAXACA,SAN MIGUEL ALOAPAM
20,401,OAXACA,SANTA MARIA COLOTEPEC
20,57,OAXACA,MATIAS ROMERO AVENDANO
20,156,OAXACA,SAN ILDEFONSO VILLA ALTA
20,200,OAXACA,SAN JUAN JUQUILA MIXES
20,259,OAXACA,SAN MIGUEL AHUEHUETITLAN
20,290,OAXACA,SAN NICOLAS HIDALGO
20,66,OAXACA,SANTIAGO NILTEPEC
20,70,OAXACA,PINOTEPA DE DON LUIS
20,394,OAXACA,SANTA MARIA ALOTEPEC
20,508,OAXACA,SANTO DOMINGO CHIHUITAN
20,540,OAXACA,VILLA DE TAMAZULAPAM DEL PROGRESO
20,5,OAXACA,ASUNCION IXTALTEPEC
20,45,OAXACA,MAGDALENA APASCO
20,185,OAXACA,SAN JUAN CACAHUATEPEC
20,515,OAXACA,SANTO DOMINGO TEHUANTEPEC
20,537,OAXACA,SILACAYOAPAM
20,248,OAXACA,SAN MATEO DEL MAR
20,346,OAXACA,SAN SEBASTIAN NICANANDUTA
20,351,OAXACA,SAN SIMON ALMOLONGAS
20,570,OAXACA,ZIMATLAN DE ALVAREZ
20,76,OAXACA,LA REFORMA
20,227,OAXACA,SAN LORENZO CACAOTEPEC
20,281,OAXACA,SAN MIGUEL TECOMATLAN
20,338,OAXACA,VILLA DE ETLA
20,437,OAXACA,SANTA MARIA TLAHUITOLTEPEC
20,482,OAXACA,SANTIAGO PINOTEPA NACIONAL
20,149,OAXACA,SAN FRANCISCO SOLA
20,472,OAXACA,SANTIAGO LAOLLAGA
20,6,OAXACA,ASUNCION NOCHIXTLAN
20,484,OAXACA,SANTIAGO TAMAZOLA
20,33,OAXACA,GUADALUPE ETLA
20,117,OAXACA,SAN BARTOLOME LOXICHA
20,242,OAXACA,SAN MARTIN PERAS
20,265,OAXACA,SAN MIGUEL CHIMALAPA
20,334,OAXACA,VILLA DE TUTUTEPEC DE MELCHOR OCAMPO
20,367,OAXACA,SANTA CATARINA MECHOACAN
20,385,OAXACA,SANTA CRUZ XOXOCOTLAN
20,505,OAXACA,SANTO DOMINGO INGENIO
20,37,OAXACA,MESONES HIDALGO
20,277,OAXACA,VILLA SOLA DE VEGA
20,407,OAXACA,SANTA MARIA CHIMALAPA
20,539,OAXACA,SOLEDAD ETLA
20,130,OAXACA,SAN DIONISIO DEL MAR
20,136,OAXACA,SAN FELIPE USILA
20,298,OAXACA,SAN PABLO VILLA DE MITLA
20,300,OAXACA,SAN PEDRO AMUZGOS
20,459,OAXACA,SANTIAGO CHAZUMBA
20,562,OAXACA,MAGDALENA YODOCONO DE PORFIRIO DIAZ
20,145,OAXACA,SAN FRANCISCO LACHIGOLO
20,557,OAXACA,UNION HIDALGO
20,565,OAXACA,VILLA DE ZAACHILA
20,67,OAXACA,OAXACA DE JUAREZ
20,170,OAXACA,SAN JOSE LACHIGUIRI
20,241,OAXACA,SAN MARTIN LACHILA
20,309,OAXACA,SAN PEDRO IXCATLAN
20,368,OAXACA,SANTA CATARINA MINAS
20,516,OAXACA,SANTO DOMINGO TEOJOMULCO
20,103,OAXACA,SAN ANTONINO CASTILLO VELASCO
20,160,OAXACA,SAN JERONIMO SILACAYOAPILLA
20,213,OAXACA,SAN JUAN QUIAHIJE
20,276,OAXACA,SAN MIGUEL SANTA FLOR
20,468,OAXACA,SANTIAGO JOCOTEPEC
20,469,OAXACA,SANTIAGO JUXTLAHUACA
20,90,OAXACA,SAN ANDRES HUAXPALTEPEC
20,272,OAXACA,SAN MIGUEL PANIXTLAHUACA
20,364,OAXACA,SANTA CATARINA JUQUILA
20,390,OAXACA,SANTA LUCIA DEL CAMINO
20,26,OAXACA,CHALCATONGO DE HIDALGO
20,55,OAXACA,MARISCALA DE JUAREZ
20,337,OAXACA,SAN PEDRO Y SAN PABLO AYUTLA
20,396,OAXACA,SANTA MARIA LA ASUNCION
20,14,OAXACA,CIUDAD IXTEPEC
20,42,OAXACA,IXTLAN DE JUAREZ
20,128,OAXACA,SAN CRISTOBAL LACHIRIOAG
20,470,OAXACA,SANTIAGO LACHIGUIRI
21,63,PUEBLA,ESPERANZA
21,153,PUEBLA,TECALI DE HERRERA
21,5,PUEBLA,ACTEOPAN
21,22,PUEBLA,ATZITZIHUACAN
21,82,PUEBLA,IXCAQUIXTLA
21,132,PUEBLA,SAN MARTIN TEXMELUCAN
21,13,PUEBLA,ALTEPEXI
21,41,PUEBLA,CUAUTLANCINGO
21,141,PUEBLA,SAN PEDRO YELOIXTLAHUACA
21,172,PUEBLA,TETELA DE OCAMPO
21,50,PUEBLA,CHICHIQUILA
21,102,PUEBLA,NEALTICAN
21,137,PUEBLA,SAN NICOLAS BUENOS AIRES
21,186,PUEBLA,TLATLAUQUITEPEC
21,191,PUEBLA,TULCINGO
21,197,PUEBLA,XICOTEPEC
21,98,PUEBLA,MOLCAXAC
21,143,PUEBLA,SAN SALVADOR EL VERDE
21,57,PUEBLA,HONEY
21,195,PUEBLA,VICENTE GUERRERO
21,134,PUEBLA,SAN MATIAS TLALANCALECA
21,174,PUEBLA,TEZIUTLAN
21,185,PUEBLA,TLAPANALA
21,203,PUEBLA,XOCHITLAN TODOS SANTOS
21,214,PUEBLA,ZINACATEPEC
21,34,PUEBLA,CORONANGO
21,53,PUEBLA,CHIGNAHUAPAN
21,62,PUEBLA,EPATLAN
21,147,PUEBLA,SANTA INES AHUATEMPAN
21,183,PUEBLA,TLAOLA
21,210,PUEBLA,ZAPOTITLAN DE MENDEZ
21,217,PUEBLA,ZOQUITLAN
21,8,PUEBLA,AHUAZOTEPEC
21,74,PUEBLA,HUEJOTZINGO
21,117,PUEBLA,RAFAEL LARA GRAJALES
21,168,PUEBLA,TEPEXCO
21,170,PUEBLA,TEPEYAHUALCO
21,211,PUEBLA,ZARAGOZA
21,124,PUEBLA,SAN GABRIEL CHILAC
21,67,PUEBLA,GUADALUPE VICTORIA
21,75,PUEBLA,HUEYAPAN
21,1,PUEBLA,ACAJETE
21,47,PUEBLA,CHIAUTLA
21,148,PUEBLA,SANTA ISABEL CHOLULA
21,157,PUEBLA,TEHUITZINGO
21,61,PUEBLA,ELOXOCHITLAN
21,71,PUEBLA,HUAUCHINANGO
21,112,PUEBLA,PETLALCINGO
21,129,PUEBLA,SAN JOSE MIAHUATLAN
21,131,PUEBLA,SAN JUAN ATZOMPA
21,180,PUEBLA,TLAHUAPAN
21,59,PUEBLA,CHINANTLA
21,104,PUEBLA,NOPALUCAN
21,139,PUEBLA,SAN PABLO ANICANO
21,140,PUEBLA,SAN PEDRO CHOLULA
21,201,PUEBLA,XOCHILTEPEC
21,14,PUEBLA,AMIXTLAN
21,26,PUEBLA,CALPAN
21,166,PUEBLA,TEPEOJUMA
21,119,PUEBLA,SAN ANDRES CHOLULA
21,179,PUEBLA,TLACHICHUCA
21,200,PUEBLA,XOCHIAPULCO
21,60,PUEBLA,DOMINGO ARENAS
21,87,PUEBLA,JOLALPAN
21,133,PUEBLA,SAN MARTIN TOTOLTEPEC
21,25,PUEBLA,AYOTOXCO DE GUERRERO
21,29,PUEBLA,CAXHUACAN
21,46,PUEBLA,CHAPULCO
21,64,PUEBLA,FRANCISCO Z. MENA
21,88,PUEBLA,JONOTLA
21,90,PUEBLA,JUAN C. BONILLA
21,173,PUEBLA,TETELES DE AVILA CASTILLO
21,181,PUEBLA,TLALTENANGO
21,11,PUEBLA,ALBINO ZERTUCHE
21,17,PUEBLA,ATEMPAN
21,45,PUEBLA,CHALCHICOMULA DE SESMA
21,54,PUEBLA,CHIGNAUTLA
21,177,PUEBLA,TLACOTEPEC DE BENITO JUAREZ
21,109,PUEBLA,PAHUATLAN
21,114,PUEBLA,PUEBLA
21,155,PUEBLA,TECOMATLAN
21,73,PUEBLA,HUEHUETLAN EL CHICO
21,97,PUEBLA,MIXTLA
21,99,PUEBLA,CANADA MORELOS
21,111,PUEBLA,PANTEPEC
21,154,PUEBLA,TECAMACHALCO
21,189,PUEBLA,TOCHTEPEC
21,20,PUEBLA,ATOYATEMPAN
21,79,PUEBLA,HUITZILTEPEC
21,146,PUEBLA,SANTA CATARINA TLALTEMPAN
21,207,PUEBLA,ZACAPOAXTLA
21,16,PUEBLA,AQUIXTLA
21,94,PUEBLA,LIBRES
21,152,PUEBLA,SOLTEPEC
21,38,PUEBLA,CUAPIAXTLA DE MADERO
21,65,PUEBLA,GENERAL FELIPE ANGELES
21,144,PUEBLA,SAN SALVADOR HUIXCOLOTLA
21,150,PUEBLA,HUEHUETLAN EL GRANDE
21,142,PUEBLA,SAN SALVADOR EL SECO
21,44,PUEBLA,CUYOACO
21,115,PUEBLA,QUECHOLAC
21,2,PUEBLA,ACATENO
21,106,PUEBLA,OCOYUCAN
21,163,PUEBLA,TEPATLAXCO DE HIDALGO
21,169,PUEBLA,TEPEXI DE RODRIGUEZ
21,69,PUEBLA,HUAQUECHULA
21,209,PUEBLA,ZAPOTITLAN
21,39,PUEBLA,CUAUTEMPAN
21,92,PUEBLA,JUAN N. MENDEZ
21,128,PUEBLA,SAN JOSE CHIAPA
21,194,PUEBLA,VENUSTIANO CARRANZA
21,205,PUEBLA,YEHUALTEPEC
21,35,PUEBLA,COXCATLAN
21,89,PUEBLA,JOPALA
21,145,PUEBLA,SAN SEBASTIAN TLACOTEPEC
21,188,PUEBLA,TOCHIMILCO
21,204,PUEBLA,YAONAHUAC
21,23,PUEBLA,ATZITZINTLA
21,40,PUEBLA,CUAUTINCHAN
21,149,PUEBLA,SANTIAGO MIAHUATLAN
21,12,PUEBLA,ALJOJUCA
21,48,PUEBLA,CHIAUTZINGO
21,164,PUEBLA,TEPEACA
21,83,PUEBLA,IXTACAMAXTITLAN
21,156,PUEBLA,TEHUACAN
21,162,PUEBLA,TEPANGO DE RODRIGUEZ
21,208,PUEBLA,ZACATLAN
21,77,PUEBLA,HUEYTLALPAN
21,84,PUEBLA,IXTEPEC
21,10,PUEBLA,AJALPAN
21,167,PUEBLA,TEPETZINTLA
21,215,PUEBLA,ZONGOZOTLA
21,108,PUEBLA,ORIENTAL
21,165,PUEBLA,TEPEMAXALCO
21,199,PUEBLA,XIUTETELCO
21,51,PUEBLA,CHIETLA
21,171,PUEBLA,TEPEYAHUALCO DE CUAUHTEMOC
21,212,PUEBLA,ZAUTLA
21,6,PUEBLA,AHUACATLAN
21,55,PUEBLA,CHILA
21,66,PUEBLA,GUADALUPE
21,58,PUEBLA,CHILCHOTLA
21,85,PUEBLA,IZUCAR DE MATAMOROS
21,103,PUEBLA,NICOLAS BRAVO
21,178,PUEBLA,TLACUILOTEPEC
21,116,PUEBLA,QUIMIXTLAN
21,118,PUEBLA,LOS REYES DE JUAREZ
21,136,PUEBLA,SAN MIGUEL XOXTLA
21,19,PUEBLA,ATLIXCO
21,91,PUEBLA,JUAN GALINDO
21,151,PUEBLA,SANTO TOMAS HUEYOTLIPAN
21,175,PUEBLA,TIANGUISMANALCO
21,182,PUEBLA,TLANEPANTLA
21,196,PUEBLA,XAYACATLAN DE BRAVO
21,213,PUEBLA,ZIHUATEUTLA
21,122,PUEBLA,SAN FELIPE TEOTLALCINGO
21,138,PUEBLA,SAN NICOLAS DE LOS RANCHOS
21,3,PUEBLA,ACATLAN
21,4,PUEBLA,ACATZINGO
21,31,PUEBLA,COATZINGO
21,72,PUEBLA,HUEHUETLA
21,81,PUEBLA,IXCAMILPA DE GUERRERO
21,125,PUEBLA,SAN GREGORIO ATZOMPA
21,43,PUEBLA,CUETZALAN DEL PROGRESO
21,113,PUEBLA,PIAXTLA
21,161,PUEBLA,TEPANCO DE LOPEZ
21,206,PUEBLA,ZACAPALA
21,70,PUEBLA,HUATLATLAUCA
21,76,PUEBLA,HUEYTAMALCO
21,158,PUEBLA,TENAMPULCO
21,15,PUEBLA,AMOZOC
21,110,PUEBLA,PALMAR DE BRAVO
21,187,PUEBLA,TLAXCO
21,32,PUEBLA,COHETZALA
21,36,PUEBLA,COYOMEAPAN
22,7,QUERETARO                               ,EZEQUIEL MONTES
22,1,QUERETARO                               ,AMEALCO DE BONFIL
22,11,QUERETARO                               ,EL MARQUES
22,12,QUERETARO                               ,PEDRO ESCOBEDO
22,10,QUERETARO                               ,LANDA DE MATAMOROS
22,16,QUERETARO                               ,SAN JUAN DEL RIO
22,2,QUERETARO                               ,PINAL DE AMOLES
22,5,QUERETARO                               ,COLON
22,14,QUERETARO                               ,QUERETARO
22,13,QUERETARO                               ,PENAMILLER
22,8,QUERETARO                               ,HUIMILPAN
22,18,QUERETARO                               ,TOLIMAN
22,15,QUERETARO                               ,SAN JOAQUIN
22,4,QUERETARO                               ,CADEREYTA DE MONTES
22,17,QUERETARO                               ,TEQUISQUIAPAN
22,6,QUERETARO                               ,CORREGIDORA
22,3,QUERETARO                               ,ARROYO SECO
22,9,QUERETARO                               ,JALPAN DE SERRA
23,8,QUINTANA ROO,SOLIDARIDAD
23,3,QUINTANA ROO,ISLA MUJERES
23,2,QUINTANA ROO,FELIPE CARRILLO PUERTO
23,4,QUINTANA ROO,OTHON P. BLANCO
23,1,QUINTANA ROO,COZUMEL
23,11,QUINTANA ROO,PUERTO MORELOS
23,7,QUINTANA ROO,LAZARO CARDENAS
23,10,QUINTANA ROO,BACALAR
23,6,QUINTANA ROO,JOSE MARIA MORELOS
23,9,QUINTANA ROO,TULUM
23,5,QUINTANA ROO,BENITO JUAREZ
24,15,SAN LUIS POTOSI        ,CHARCAS
24,12,SAN LUIS POTOSI        ,TANCANHUITZ
24,8,SAN LUIS POTOSI        ,CERRITOS
24,43,SAN LUIS POTOSI        ,TIERRA NUEVA
24,52,SAN LUIS POTOSI        ,VILLA JUAREZ
24,37,SAN LUIS POTOSI        ,TAMAZUNCHALE
24,53,SAN LUIS POTOSI        ,AXTLA DE TERRAZAS
24,6,SAN LUIS POTOSI        ,CATORCE
24,11,SAN LUIS POTOSI        ,CIUDAD FERNANDEZ
24,26,SAN LUIS POTOSI        ,SAN ANTONIO
24,20,SAN LUIS POTOSI        ,MATEHUALA
24,57,SAN LUIS POTOSI        ,MATLAPA
24,32,SAN LUIS POTOSI        ,SANTA MARIA DEL RIO
24,49,SAN LUIS POTOSI        ,VILLA DE RAMOS
24,16,SAN LUIS POTOSI        ,EBANO
24,54,SAN LUIS POTOSI        ,XILITLA
24,28,SAN LUIS POTOSI        ,SAN LUIS POTOSI
24,17,SAN LUIS POTOSI        ,GUADALCAZAR
24,56,SAN LUIS POTOSI        ,VILLA DE ARISTA
24,33,SAN LUIS POTOSI        ,SANTO DOMINGO
24,14,SAN LUIS POTOSI        ,COXCATLAN
24,35,SAN LUIS POTOSI        ,SOLEDAD DE GRACIANO SANCHEZ
24,51,SAN LUIS POTOSI        ,VILLA HIDALGO
24,41,SAN LUIS POTOSI        ,TANLAJAS
24,10,SAN LUIS POTOSI        ,CIUDAD DEL MAIZ
24,44,SAN LUIS POTOSI        ,VANEGAS
24,7,SAN LUIS POTOSI        ,CEDRAL
24,3,SAN LUIS POTOSI        ,AQUISMON
24,9,SAN LUIS POTOSI        ,CERRO DE SAN PEDRO
24,1,SAN LUIS POTOSI        ,AHUALULCO
24,22,SAN LUIS POTOSI        ,MOCTEZUMA
24,47,SAN LUIS POTOSI        ,VILLA DE GUADALUPE
24,23,SAN LUIS POTOSI        ,RAYON
24,45,SAN LUIS POTOSI        ,VENADO
24,24,SAN LUIS POTOSI        ,RIOVERDE
24,42,SAN LUIS POTOSI        ,TANQUIAN DE ESCOBEDO
24,39,SAN LUIS POTOSI        ,TAMPAMOLON CORONA
24,5,SAN LUIS POTOSI        ,CARDENAS
24,25,SAN LUIS POTOSI        ,SALINAS
24,27,SAN LUIS POTOSI        ,SAN CIRO DE ACOSTA
24,55,SAN LUIS POTOSI        ,ZARAGOZA
24,50,SAN LUIS POTOSI        ,VILLA DE REYES
24,21,SAN LUIS POTOSI        ,MEXQUITIC DE CARMONA
24,38,SAN LUIS POTOSI        ,TAMPACAN
24,40,SAN LUIS POTOSI        ,TAMUIN
24,36,SAN LUIS POTOSI        ,TAMASOPO
24,58,SAN LUIS POTOSI        ,EL NARANJO
24,13,SAN LUIS POTOSI        ,CIUDAD VALLES
24,46,SAN LUIS POTOSI        ,VILLA DE ARRIAGA
24,34,SAN LUIS POTOSI        ,SAN VICENTE TANCUAYALAB
25,11,SINALOA,GUASAVE
25,16,SINALOA,SAN IGNACIO
25,8,SINALOA,ELOTA
25,5,SINALOA,COSALA
25,13,SINALOA,MOCORITO
25,1,SINALOA,AHOME
25,7,SINALOA,CHOIX
25,12,SINALOA,MAZATLAN
25,14,SINALOA,ROSARIO
25,4,SINALOA,CONCORDIA
25,6,SINALOA,CULIACAN
25,15,SINALOA,SALVADOR ALVARADO
25,2,SINALOA,ANGOSTURA
25,3,SINALOA,BADIRAGUATO
25,18,SINALOA,NAVOLATO
25,10,SINALOA,EL FUERTE
25,17,SINALOA,SINALOA
25,9,SINALOA,ESCUINAPA
26,18,SONORA,CAJEME
26,43,SONORA,NOGALES
26,2,SONORA,AGUA PRIETA
26,26,SONORA,ETCHOJOA
26,42,SONORA,NAVOJOA
26,56,SONORA,SAN MIGUEL DE HORCASITAS
26,63,SONORA,TEPACHE
26,41,SONORA,NACOZARI DE GARCIA
26,71,SONORA,BENITO JUAREZ
26,29,SONORA,GUAYMAS
26,40,SONORA,NACORI CHICO
26,66,SONORA,URES
26,69,SONORA,YECORA
26,20,SONORA,CARBO
26,35,SONORA,IMURIS
26,31,SONORA,HUACHINERA
26,55,SONORA,SAN LUIS RIO COLORADO
26,58,SONORA,SANTA ANA
26,48,SONORA,PUERTO PENASCO
26,19,SONORA,CANANEA
26,25,SONORA,EMPALME
26,30,SONORA,HERMOSILLO
26,23,SONORA,CUMPAS
26,39,SONORA,NACO
26,47,SONORA,PITIQUITO
26,17,SONORA,CABORCA
26,38,SONORA,MOCTEZUMA
26,7,SONORA,ATIL
26,16,SONORA,BENJAMIN HILL
26,72,SONORA,SAN IGNACIO RIO MUERTO
26,33,SONORA,HUATABAMPO
26,12,SONORA,BACUM
26,52,SONORA,SAHUARIPA
26,70,SONORA,GENERAL PLUTARCO ELIAS CALLES
26,51,SONORA,ROSARIO
26,4,SONORA,ALTAR
26,27,SONORA,FRONTERAS
26,3,SONORA,ALAMOS
26,36,SONORA,MAGDALENA
27,14,TABASCO,PARAISO
27,1,TABASCO,BALANCAN
27,5,TABASCO,COMALCALCO
27,11,TABASCO,JONUTA
27,6,TABASCO,CUNDUACAN
27,17,TABASCO,TENOSIQUE
27,4,TABASCO,CENTRO
27,9,TABASCO,JALAPA
27,16,TABASCO,TEAPA
27,7,TABASCO,EMILIANO ZAPATA
27,13,TABASCO,NACAJUCA
27,8,TABASCO,HUIMANGUILLO
27,12,TABASCO,MACUSPANA
27,2,TABASCO,CARDENAS
27,3,TABASCO,CENTLA
27,10,TABASCO,JALPA DE MENDEZ
27,15,TABASCO,TACOTALPA
28,24,TAMAULIPAS,MIER
28,21,TAMAULIPAS,EL MANTE
28,37,TAMAULIPAS,SOTO LA MARINA
28,39,TAMAULIPAS,TULA
28,30,TAMAULIPAS,PADILLA
28,42,TAMAULIPAS,VILLAGRAN
28,18,TAMAULIPAS,JIMENEZ
28,32,TAMAULIPAS,REYNOSA
28,38,TAMAULIPAS,TAMPICO
28,1,TAMAULIPAS,ABASOLO
28,25,TAMAULIPAS,MIGUEL ALEMAN
28,33,TAMAULIPAS,RIO BRAVO
28,2,TAMAULIPAS,ALDAMA
28,5,TAMAULIPAS,BURGOS
28,9,TAMAULIPAS,CIUDAD MADERO
28,35,TAMAULIPAS,SAN FERNANDO
28,3,TAMAULIPAS,ALTAMIRA
28,7,TAMAULIPAS,CAMARGO
28,29,TAMAULIPAS,OCAMPO
28,22,TAMAULIPAS,MATAMOROS
28,11,TAMAULIPAS,GOMEZ FARIAS
28,19,TAMAULIPAS,LLERA
28,27,TAMAULIPAS,NUEVO LAREDO
28,15,TAMAULIPAS,GUSTAVO DIAZ ORDAZ
28,17,TAMAULIPAS,JAUMAVE
28,40,TAMAULIPAS,VALLE HERMOSO
28,43,TAMAULIPAS,XICOTENCATL
28,12,TAMAULIPAS,GONZALEZ
28,4,TAMAULIPAS,ANTIGUO MORELOS
28,14,TAMAULIPAS,GUERRERO
28,16,TAMAULIPAS,HIDALGO
28,41,TAMAULIPAS,VICTORIA
28,6,TAMAULIPAS,BUSTAMANTE
29,35,TLAXCALA,TOCATLAN
29,53,TLAXCALA,SAN JUAN HUACTZINCO
29,13,TLAXCALA,HUAMANTLA
29,29,TLAXCALA,TEPEYANCO
29,38,TLAXCALA,TZOMPANTEPEC
29,52,TLAXCALA,SAN JOSE TEACALCO
29,56,TLAXCALA,SANTA ANA NOPALUCAN
29,23,TLAXCALA,NATIVITAS
29,51,TLAXCALA,SAN JERONIMO ZACUALPAN
29,32,TLAXCALA,TETLATLAHUCA
29,50,TLAXCALA,SAN FRANCISCO TETLANOHCAN
29,4,TLAXCALA,ATLTZAYANCA
29,15,TLAXCALA,IXTACUIXTLA DE MARIANO MATAMOROS
29,19,TLAXCALA,TEPETITLA DE LARDIZABAL
29,6,TLAXCALA,CALPULALPAN
29,49,TLAXCALA,SAN DAMIAN TEXOLOC
29,31,TLAXCALA,TETLA DE LA SOLIDARIDAD
29,37,TLAXCALA,ZILTLALTEPEC DE TRINIDAD SANCHEZ SANTOS
29,1,TLAXCALA,AMAXAC DE GUERRERO
29,5,TLAXCALA,APIZACO
29,44,TLAXCALA,ZACATELCO
29,58,TLAXCALA,SANTA CATARINA AYOMETLA
29,17,TLAXCALA,MAZATECOCHCO DE JOSE MARIA MORELOS
29,54,TLAXCALA,SAN LORENZO AXOCOMANITLA
29,2,TLAXCALA,APETATITLAN DE ANTONIO CARVAJAL
29,42,TLAXCALA,XICOHTZINCO
29,26,TLAXCALA,SANTA CRUZ TLAXCALA
29,41,TLAXCALA,PAPALOTLA DE XICOHTENCATL
29,27,TLAXCALA,TENANCINGO
29,43,TLAXCALA,YAUHQUEMEHCAN
29,45,TLAXCALA,BENITO JUAREZ
29,60,TLAXCALA,SANTA ISABEL XILOXOXTLA
29,12,TLAXCALA,ESPANITA
29,24,TLAXCALA,PANOTLA
29,8,TLAXCALA,CUAPIAXTLA
29,18,TLAXCALA,CONTLA DE JUAN CUAMATZI
29,30,TLAXCALA,TERRENATE
29,36,TLAXCALA,TOTOLAC
29,57,TLAXCALA,SANTA APOLONIA TEACALCO
29,16,TLAXCALA,IXTENCO
29,28,TLAXCALA,TEOLOCHOLCO
29,33,TLAXCALA,TLAXCALA
29,7,TLAXCALA,EL CARMEN TEQUEXQUITLA
29,39,TLAXCALA,XALOZTOC
29,25,TLAXCALA,SAN PABLO DEL MONTE
29,34,TLAXCALA,TLAXCO
29,48,TLAXCALA,LA MAGDALENA TLALTELULCO
29,11,TLAXCALA,MUNOZ DE DOMINGO ARENAS
29,20,TLAXCALA,SANCTORUM DE LAZARO CARDENAS
29,59,TLAXCALA,SANTA CRUZ QUILEHTLA
29,10,TLAXCALA,CHIAUTEMPAN
29,47,TLAXCALA,LAZARO CARDENAS
29,21,TLAXCALA,NANACAMILPA DE MARIANO ARISTA
29,14,TLAXCALA,HUEYOTLIPAN
29,22,TLAXCALA,ACUAMANALA DE MIGUEL HIDALGO
29,40,TLAXCALA,XALTOCAN
30,105,VERACRUZ DE IGNACIO DE LA LLAVE,MEDELLIN
30,106,VERACRUZ DE IGNACIO DE LA LLAVE,MIAHUATLAN
30,139,VERACRUZ DE IGNACIO DE LA LLAVE,SALTABARRANCA
30,149,VERACRUZ DE IGNACIO DE LA LLAVE,SOTEAPAN
30,172,VERACRUZ DE IGNACIO DE LA LLAVE,TEXISTEPEC
30,209,VERACRUZ DE IGNACIO DE LA LLAVE,TATAHUICAPAN DE JUAREZ
30,34,VERACRUZ DE IGNACIO DE LA LLAVE,CERRO AZUL
30,42,VERACRUZ DE IGNACIO DE LA LLAVE,COLIPA
30,152,VERACRUZ DE IGNACIO DE LA LLAVE,TAMPICO ALTO
30,160,VERACRUZ DE IGNACIO DE LA LLAVE,ALAMO TEMAPACHE
30,21,VERACRUZ DE IGNACIO DE LA LLAVE,ATOYAC
30,30,VERACRUZ DE IGNACIO DE LA LLAVE,CAMERINO Z. MENDOZA
30,165,VERACRUZ DE IGNACIO DE LA LLAVE,TEPATLAXCO
30,44,VERACRUZ DE IGNACIO DE LA LLAVE,CORDOBA
30,60,VERACRUZ DE IGNACIO DE LA LLAVE,CHINAMPA DE GOROSTIZA
30,65,VERACRUZ DE IGNACIO DE LA LLAVE,EMILIANO ZAPATA
30,10,VERACRUZ DE IGNACIO DE LA LLAVE,ALTOTONGA
30,38,VERACRUZ DE IGNACIO DE LA LLAVE,COATEPEC
30,92,VERACRUZ DE IGNACIO DE LA LLAVE,XICO
30,143,VERACRUZ DE IGNACIO DE LA LLAVE,SANTIAGO TUXTLA
30,148,VERACRUZ DE IGNACIO DE LA LLAVE,SOLEDAD DE DOBLADO
30,45,VERACRUZ DE IGNACIO DE LA LLAVE,COSAMALOAPAN DE CARPIO
30,51,VERACRUZ DE IGNACIO DE LA LLAVE,COYUTLA
30,155,VERACRUZ DE IGNACIO DE LA LLAVE,TANTOYUCA
30,179,VERACRUZ DE IGNACIO DE LA LLAVE,TLACOTEPEC DE MEJIA
30,192,VERACRUZ DE IGNACIO DE LA LLAVE,VEGA DE ALATORRE
30,128,VERACRUZ DE IGNACIO DE LA LLAVE,PEROTE
30,134,VERACRUZ DE IGNACIO DE LA LLAVE,PUENTE NACIONAL
30,129,VERACRUZ DE IGNACIO DE LA LLAVE,PLATON SANCHEZ
30,142,VERACRUZ DE IGNACIO DE LA LLAVE,SAN JUAN EVANGELISTA
30,175,VERACRUZ DE IGNACIO DE LA LLAVE,TIHUATLAN
30,68,VERACRUZ DE IGNACIO DE LA LLAVE,FORTIN
30,78,VERACRUZ DE IGNACIO DE LA LLAVE,IXCATEPEC
30,171,VERACRUZ DE IGNACIO DE LA LLAVE,TEXHUACAN
30,57,VERACRUZ DE IGNACIO DE LA LLAVE,CHICONQUIACO
30,50,VERACRUZ DE IGNACIO DE LA LLAVE,COXQUIHUI
30,80,VERACRUZ DE IGNACIO DE LA LLAVE,IXHUATLAN DEL CAFE
30,176,VERACRUZ DE IGNACIO DE LA LLAVE,TLACOJALPAN
30,14,VERACRUZ DE IGNACIO DE LA LLAVE,AMATLAN DE LOS REYES
30,16,VERACRUZ DE IGNACIO DE LA LLAVE,LA ANTIGUA
30,28,VERACRUZ DE IGNACIO DE LA LLAVE,BOCA DEL RIO
30,157,VERACRUZ DE IGNACIO DE LA LLAVE,CASTILLO DE TEAYO
30,1,VERACRUZ DE IGNACIO DE LA LLAVE,ACAJETE
30,90,VERACRUZ DE IGNACIO DE LA LLAVE,JAMAPA
30,119,VERACRUZ DE IGNACIO DE LA LLAVE,OTATITLAN
30,35,VERACRUZ DE IGNACIO DE LA LLAVE,CITLALTEPETL
30,89,VERACRUZ DE IGNACIO DE LA LLAVE,JALTIPAN
30,104,VERACRUZ DE IGNACIO DE LA LLAVE,MECAYAPAN
30,167,VERACRUZ DE IGNACIO DE LA LLAVE,TEPETZINTLA
30,181,VERACRUZ DE IGNACIO DE LA LLAVE,TLALIXCOYAN
30,33,VERACRUZ DE IGNACIO DE LA LLAVE,CAZONES DE HERRERA
30,81,VERACRUZ DE IGNACIO DE LA LLAVE,IXHUATLANCILLO
30,88,VERACRUZ DE IGNACIO DE LA LLAVE,JALCOMULCO
30,24,VERACRUZ DE IGNACIO DE LA LLAVE,TLALTETELA
30,100,VERACRUZ DE IGNACIO DE LA LLAVE,MANLIO FABIO ALTAMIRANO
30,117,VERACRUZ DE IGNACIO DE LA LLAVE,OMEALCA
30,130,VERACRUZ DE IGNACIO DE LA LLAVE,PLAYA VICENTE
30,196,VERACRUZ DE IGNACIO DE LA LLAVE,YANGA
30,70,VERACRUZ DE IGNACIO DE LA LLAVE,HIDALGOTITLAN
30,85,VERACRUZ DE IGNACIO DE LA LLAVE,IXTACZOQUITLAN
30,47,VERACRUZ DE IGNACIO DE LA LLAVE,COSCOMATEPEC
30,111,VERACRUZ DE IGNACIO DE LA LLAVE,MOLOACAN
30,5,VERACRUZ DE IGNACIO DE LA LLAVE,ACULA
30,48,VERACRUZ DE IGNACIO DE LA LLAVE,COSOLEACAQUE
30,141,VERACRUZ DE IGNACIO DE LA LLAVE,SAN ANDRES TUXTLA
30,124,VERACRUZ DE IGNACIO DE LA LLAVE,PAPANTLA
30,132,VERACRUZ DE IGNACIO DE LA LLAVE,LAS VIGAS DE RAMIREZ
30,189,VERACRUZ DE IGNACIO DE LA LLAVE,TUXPAN
30,29,VERACRUZ DE IGNACIO DE LA LLAVE,CALCAHUALCO
30,72,VERACRUZ DE IGNACIO DE LA LLAVE,HUAYACOCOTLA
30,82,VERACRUZ DE IGNACIO DE LA LLAVE,IXHUATLAN DEL SURESTE
30,52,VERACRUZ DE IGNACIO DE LA LLAVE,CUICHAPA
30,63,VERACRUZ DE IGNACIO DE LA LLAVE,CHONTLA
30,93,VERACRUZ DE IGNACIO DE LA LLAVE,JILOTEPEC
30,114,VERACRUZ DE IGNACIO DE LA LLAVE,NAUTLA
30,131,VERACRUZ DE IGNACIO DE LA LLAVE,POZA RICA DE HIDALGO
30,178,VERACRUZ DE IGNACIO DE LA LLAVE,TLACOTALPAN
30,188,VERACRUZ DE IGNACIO DE LA LLAVE,TOTUTLA
30,202,VERACRUZ DE IGNACIO DE LA LLAVE,ZONTECOMATLAN DE LOPEZ Y FUENTES
30,27,VERACRUZ DE IGNACIO DE LA LLAVE,BENITO JUAREZ
30,59,VERACRUZ DE IGNACIO DE LA LLAVE,CHINAMECA
30,91,VERACRUZ DE IGNACIO DE LA LLAVE,JESUS CARRANZA
30,186,VERACRUZ DE IGNACIO DE LA LLAVE,TOMATLAN
30,58,VERACRUZ DE IGNACIO DE LA LLAVE,CHICONTEPEC
30,66,VERACRUZ DE IGNACIO DE LA LLAVE,ESPINAL
30,123,VERACRUZ DE IGNACIO DE LA LLAVE,PANUCO
30,138,VERACRUZ DE IGNACIO DE LA LLAVE,RIO BLANCO
30,67,VERACRUZ DE IGNACIO DE LA LLAVE,FILOMENO MATA
30,69,VERACRUZ DE IGNACIO DE LA LLAVE,GUTIERREZ ZAMORA
30,79,VERACRUZ DE IGNACIO DE LA LLAVE,IXHUACAN DE LOS REYES
30,97,VERACRUZ DE IGNACIO DE LA LLAVE,LERDO DE TEJADA
30,159,VERACRUZ DE IGNACIO DE LA LLAVE,TEHUIPANGO
30,170,VERACRUZ DE IGNACIO DE LA LLAVE,TEXCATEPEC
30,180,VERACRUZ DE IGNACIO DE LA LLAVE,TLACHICHILCO
30,200,VERACRUZ DE IGNACIO DE LA LLAVE,ZENTLA
30,9,VERACRUZ DE IGNACIO DE LA LLAVE,ALTO LUCERO DE GUTIERREZ BARRIOS
30,13,VERACRUZ DE IGNACIO DE LA LLAVE,NARANJOS AMATLAN
30,43,VERACRUZ DE IGNACIO DE LA LLAVE,COMAPA
30,109,VERACRUZ DE IGNACIO DE LA LLAVE,MISANTLA
30,112,VERACRUZ DE IGNACIO DE LA LLAVE,NAOLINCO
30,118,VERACRUZ DE IGNACIO DE LA LLAVE,ORIZABA
30,133,VERACRUZ DE IGNACIO DE LA LLAVE,PUEBLO VIEJO
30,15,VERACRUZ DE IGNACIO DE LA LLAVE,ANGEL R. CABADA
30,61,VERACRUZ DE IGNACIO DE LA LLAVE,LAS CHOAPAS
30,199,VERACRUZ DE IGNACIO DE LA LLAVE,ZARAGOZA
30,201,VERACRUZ DE IGNACIO DE LA LLAVE,ZONGOLICA
30,99,VERACRUZ DE IGNACIO DE LA LLAVE,MALTRATA
30,103,VERACRUZ DE IGNACIO DE LA LLAVE,MECATLAN
30,135,VERACRUZ DE IGNACIO DE LA LLAVE,RAFAEL DELGADO
30,208,VERACRUZ DE IGNACIO DE LA LLAVE,CARLOS A. CARRILLO
30,204,VERACRUZ DE IGNACIO DE LA LLAVE,AGUA DULCE
30,71,VERACRUZ DE IGNACIO DE LA LLAVE,HUATUSCO
30,120,VERACRUZ DE IGNACIO DE LA LLAVE,OTEAPAN
30,150,VERACRUZ DE IGNACIO DE LA LLAVE,TAMALIN
30,207,VERACRUZ DE IGNACIO DE LA LLAVE,TRES VALLES
30,40,VERACRUZ DE IGNACIO DE LA LLAVE,COATZINTLA
30,46,VERACRUZ DE IGNACIO DE LA LLAVE,COSAUTLAN DE CARVAJAL
30,53,VERACRUZ DE IGNACIO DE LA LLAVE,CUITLAHUAC
30,122,VERACRUZ DE IGNACIO DE LA LLAVE,PAJAPAN
30,3,VERACRUZ DE IGNACIO DE LA LLAVE,ACAYUCAN
30,101,VERACRUZ DE IGNACIO DE LA LLAVE,MARIANO ESCOBEDO
30,115,VERACRUZ DE IGNACIO DE LA LLAVE,NOGALES
30,136,VERACRUZ DE IGNACIO DE LA LLAVE,RAFAEL LUCIO
30,164,VERACRUZ DE IGNACIO DE LA LLAVE,TEOCELO
30,198,VERACRUZ DE IGNACIO DE LA LLAVE,ZACUALPAN
30,211,VERACRUZ DE IGNACIO DE LA LLAVE,SAN RAFAEL
30,116,VERACRUZ DE IGNACIO DE LA LLAVE,OLUTA
30,174,VERACRUZ DE IGNACIO DE LA LLAVE,TIERRA BLANCA
30,182,VERACRUZ DE IGNACIO DE LA LLAVE,TLALNELHUAYOCAN
30,8,VERACRUZ DE IGNACIO DE LA LLAVE,ALPATLAHUAC
30,193,VERACRUZ DE IGNACIO DE LA LLAVE,VERACRUZ
30,2,VERACRUZ DE IGNACIO DE LA LLAVE,ACATLAN
30,39,VERACRUZ DE IGNACIO DE LA LLAVE,COATZACOALCOS
30,177,VERACRUZ DE IGNACIO DE LA LLAVE,TLACOLULAN
30,197,VERACRUZ DE IGNACIO DE LA LLAVE,YECUATLA
30,210,VERACRUZ DE IGNACIO DE LA LLAVE,UXPANAPA
30,23,VERACRUZ DE IGNACIO DE LA LLAVE,ATZALAN
30,36,VERACRUZ DE IGNACIO DE LA LLAVE,COACOATZINTLA
30,125,VERACRUZ DE IGNACIO DE LA LLAVE,PASO DEL MACHO
30,73,VERACRUZ DE IGNACIO DE LA LLAVE,HUEYAPAN DE OCAMPO
30,127,VERACRUZ DE IGNACIO DE LA LLAVE,LA PERLA
30,173,VERACRUZ DE IGNACIO DE LA LLAVE,TEZONAPA
30,191,VERACRUZ DE IGNACIO DE LA LLAVE,URSULO GALVAN
30,49,VERACRUZ DE IGNACIO DE LA LLAVE,COTAXTLA
30,183,VERACRUZ DE IGNACIO DE LA LLAVE,TLAPACOYAN
30,4,VERACRUZ DE IGNACIO DE LA LLAVE,ACTOPAN
30,6,VERACRUZ DE IGNACIO DE LA LLAVE,ACULTZINGO
30,26,VERACRUZ DE IGNACIO DE LA LLAVE,BANDERILLA
30,75,VERACRUZ DE IGNACIO DE LA LLAVE,IGNACIO DE LA LLAVE
30,94,VERACRUZ DE IGNACIO DE LA LLAVE,JUAN RODRIGUEZ CLARA
30,121,VERACRUZ DE IGNACIO DE LA LLAVE,OZULUAMA DE MASCARENAS
30,11,VERACRUZ DE IGNACIO DE LA LLAVE,ALVARADO
30,83,VERACRUZ DE IGNACIO DE LA LLAVE,IXHUATLAN DE MADERO
30,32,VERACRUZ DE IGNACIO DE LA LLAVE,CATEMACO
30,95,VERACRUZ DE IGNACIO DE LA LLAVE,JUCHIQUE DE FERRER
30,84,VERACRUZ DE IGNACIO DE LA LLAVE,IXMATLAHUACAN
30,87,VERACRUZ DE IGNACIO DE LA LLAVE,XALAPA
30,102,VERACRUZ DE IGNACIO DE LA LLAVE,MARTINEZ DE LA TORRE
30,169,VERACRUZ DE IGNACIO DE LA LLAVE,JOSE AZUETA
30,205,VERACRUZ DE IGNACIO DE LA LLAVE,EL HIGO
30,168,VERACRUZ DE IGNACIO DE LA LLAVE,TEQUILA
30,203,VERACRUZ DE IGNACIO DE LA LLAVE,ZOZOCOLCO DE HIDALGO
30,22,VERACRUZ DE IGNACIO DE LA LLAVE,ATZACAN
30,25,VERACRUZ DE IGNACIO DE LA LLAVE,AYAHUALULCO
30,108,VERACRUZ DE IGNACIO DE LA LLAVE,MINATITLAN
30,145,VERACRUZ DE IGNACIO DE LA LLAVE,SOCONUSCO
30,151,VERACRUZ DE IGNACIO DE LA LLAVE,TAMIAHUA
30,158,VERACRUZ DE IGNACIO DE LA LLAVE,TECOLUTLA
30,62,VERACRUZ DE IGNACIO DE LA LLAVE,CHOCAMAN
30,126,VERACRUZ DE IGNACIO DE LA LLAVE,PASO DE OVEJAS
30,194,VERACRUZ DE IGNACIO DE LA LLAVE,VILLA ALDAMA
30,77,VERACRUZ DE IGNACIO DE LA LLAVE,ISLA
30,86,VERACRUZ DE IGNACIO DE LA LLAVE,JALACINGO
30,98,VERACRUZ DE IGNACIO DE LA LLAVE,MAGDALENA
30,144,VERACRUZ DE IGNACIO DE LA LLAVE,SAYULA DE ALEMAN
30,161,VERACRUZ DE IGNACIO DE LA LLAVE,TEMPOAL
30,206,VERACRUZ DE IGNACIO DE LA LLAVE,NANCHITAL DE LAZARO CARDENAS DEL RIO
31,44,YUCATAN,KINCHIL
31,56,YUCATAN,OXKUTZCAB
31,62,YUCATAN,SACALUM
31,32,YUCATAN,ESPITA
31,21,YUCATAN,CHICHIMILA
31,36,YUCATAN,HOMUN
31,66,YUCATAN,SANTA ELENA
31,46,YUCATAN,MAMA
31,52,YUCATAN,MOTUL
31,53,YUCATAN,MUNA
31,38,YUCATAN,HUNUCMA
31,35,YUCATAN,HOCTUN
31,63,YUCATAN,SAMAHIL
31,76,YUCATAN,TECOH
31,104,YUCATAN,YAXCABA
31,23,YUCATAN,CHOCHOLA
31,85,YUCATAN,TEMOZON
31,103,YUCATAN,XOCCHEL
31,15,YUCATAN,CUZAMA
31,102,YUCATAN,VALLADOLID
31,29,YUCATAN,DZILAM GONZALEZ
31,94,YUCATAN,TIXMEHUAC
31,79,YUCATAN,TEKAX
31,80,YUCATAN,TEKIT
31,57,YUCATAN,PANABA
31,11,YUCATAN,CELESTUN
31,28,YUCATAN,DZILAM DE BRAVO
31,40,YUCATAN,IZAMAL
31,41,YUCATAN,KANASIN
31,73,YUCATAN,TAHDZIU
31,47,YUCATAN,MANI
31,67,YUCATAN,SEYE
31,87,YUCATAN,TETIZ
31,101,YUCATAN,UMAN
31,34,YUCATAN,HOCABA
31,61,YUCATAN,RIO LAGARTOS
31,82,YUCATAN,TELCHAC PUEBLO
31,97,YUCATAN,TUNKAS
31,12,YUCATAN,CENOTILLO
31,20,YUCATAN,CHICXULUB PUEBLO
31,30,YUCATAN,DZITAS
31,77,YUCATAN,TEKAL DE VENEGAS
31,93,YUCATAN,TIXKOKOB
31,96,YUCATAN,TIZIMIN
31,98,YUCATAN,TZUCACAB
31,19,YUCATAN,CHEMAX
31,75,YUCATAN,TEABO
31,13,YUCATAN,CONKAL
31,33,YUCATAN,HALACHO
31,50,YUCATAN,MERIDA
31,25,YUCATAN,DZAN
31,39,YUCATAN,IXIL
31,78,YUCATAN,TEKANTO
31,64,YUCATAN,SANAHCAT
31,2,YUCATAN,ACANCEH
31,4,YUCATAN,BACA
31,37,YUCATAN,HUHI
31,84,YUCATAN,TEMAX
31,95,YUCATAN,TIXPEHUAL
31,18,YUCATAN,CHAPAB
31,3,YUCATAN,AKIL
31,14,YUCATAN,CUNCUNUL
31,58,YUCATAN,PETO
31,43,YUCATAN,KAUA
31,6,YUCATAN,BUCTZOTZ
31,7,YUCATAN,CACALCHEN
31,24,YUCATAN,CHUMAYEL
31,59,YUCATAN,PROGRESO
31,105,YUCATAN,YAXKUKUL
31,48,YUCATAN,MAXCANU
31,55,YUCATAN,OPICHEN
31,89,YUCATAN,TICUL
31,27,YUCATAN,DZIDZANTUN
31,71,YUCATAN,SUDZAL
31,9,YUCATAN,CANSAHCAB
31,83,YUCATAN,TELCHAC PUERTO
31,69,YUCATAN,SOTUTA
31,70,YUCATAN,SUCILA
32,9,ZACATECAS,CHALCHIHUITES
32,37,ZACATECAS,PANUCO
32,18,ZACATECAS,HUANUSCO
32,35,ZACATECAS,NORIA DE ANGELES
32,38,ZACATECAS,PINOS
32,43,ZACATECAS,SUSTICACAN
32,13,ZACATECAS,GENERAL ENRIQUE ESTRADA
32,39,ZACATECAS,RIO GRANDE
32,31,ZACATECAS,MONTE ESCOBEDO
32,44,ZACATECAS,TABASCO
32,7,ZACATECAS,CONCEPCION DEL ORO
32,29,ZACATECAS,MIGUEL AUZA
32,53,ZACATECAS,VILLA GONZALEZ ORTEGA
32,19,ZACATECAS,JALPA
32,34,ZACATECAS,NOCHISTLAN DE MEJIA
32,42,ZACATECAS,SOMBRERETE
32,36,ZACATECAS,OJOCALIENTE
32,58,ZACATECAS,SANTA MARIA DE LA PAZ
32,46,ZACATECAS,TEPETONGO
32,30,ZACATECAS,MOMAX
32,49,ZACATECAS,VALPARAISO
32,14,ZACATECAS,GENERAL FRANCISCO R. MURGUIA
32,23,ZACATECAS,JUCHIPILA
32,47,ZACATECAS,TEUL DE GONZALEZ ORTEGA
32,4,ZACATECAS,BENITO JUAREZ
32,8,ZACATECAS,CUAUHTEMOC
32,11,ZACATECAS,TRINIDAD GARCIA DE LA CADENA
32,52,ZACATECAS,VILLA GARCIA
32,51,ZACATECAS,VILLA DE COS
32,17,ZACATECAS,GUADALUPE
32,45,ZACATECAS,TEPECHITLAN
32,3,ZACATECAS,ATOLINGA
32,22,ZACATECAS,JUAN ALDAMA
32,57,ZACATECAS,TRANCOSO
32,25,ZACATECAS,LUIS MOYA
32,20,ZACATECAS,JEREZ
32,5,ZACATECAS,CALERA
32,32,ZACATECAS,MORELOS
32,50,ZACATECAS,VETAGRANDE
32,55,ZACATECAS,VILLANUEVA
32,40,ZACATECAS,SAIN ALTO
32,24,ZACATECAS,LORETO
32,54,ZACATECAS,VILLA HIDALGO
32,10,ZACATECAS,FRESNILLO
32,21,ZACATECAS,JIMENEZ DEL TEUL
32,1,ZACATECAS,APOZOL
32,16,ZACATECAS,GENERAL PANFILO NATERA
32,56,ZACATECAS,ZACATECAS
32,33,ZACATECAS,MOYAHUA DE ESTRADA
32,48,ZACATECAS,TLALTENANGO DE SANCHEZ ROMAN